Study	GSE	GSM	GPL	Group
GSE10474	GSE10474	GSM264753	GPL571  	ALI
GSE10474	GSE10474	GSM264987	GPL571  	ALI
GSE10474	GSE10474	GSM264988	GPL571  	ALI
GSE10474	GSE10474	GSM264989	GPL571  	ALI
GSE10474	GSE10474	GSM264990	GPL571  	ALI
GSE10474	GSE10474	GSM264991	GPL571  	ALI
GSE10474	GSE10474	GSM264992	GPL571  	ALI
GSE10474	GSE10474	GSM264994	GPL571  	ALI
GSE10474	GSE10474	GSM264995	GPL571  	ALI
GSE10474	GSE10474	GSM264996	GPL571  	ALI
GSE10474	GSE10474	GSM264998	GPL571  	ALI
GSE10474	GSE10474	GSM265000	GPL571  	ALI
GSE10474	GSE10474	GSM265001	GPL571  	ALI
GSE3140	GSE3140	GSM70124	GPL201	APBMNC_LPS
GSE3140	GSE3140	GSM71079	GPL201	APBMNC_LPS
GSE3140	GSE3140	GSM71080	GPL201	APBMNC_LPS
GSE3140	GSE3140	GSM70121	GPL201	APBMNC_NoLPS
GSE3140	GSE3140	GSM70122	GPL201	APBMNC_NoLPS
GSE3140	GSE3140	GSM70123	GPL201	APBMNC_NoLPS
GSE32707	GSE32707	GSM812615	GPL10558	ARDS
GSE32707	GSE32707	GSM812616	GPL10558	ARDS
GSE32707	GSE32707	GSM812617	GPL10558	ARDS
GSE32707	GSE32707	GSM812618	GPL10558	ARDS
GSE32707	GSE32707	GSM812631	GPL10558	ARDS
GSE32707	GSE32707	GSM812632	GPL10558	ARDS
GSE32707	GSE32707	GSM812647	GPL10558	ARDS
GSE32707	GSE32707	GSM812648	GPL10558	ARDS
GSE32707	GSE32707	GSM812673	GPL10558	ARDS
GSE32707	GSE32707	GSM812677	GPL10558	ARDS
GSE32707	GSE32707	GSM812678	GPL10558	ARDS
GSE32707	GSE32707	GSM812683	GPL10558	ARDS
GSE32707	GSE32707	GSM812684	GPL10558	ARDS
GSE32707	GSE32707	GSM812686	GPL10558	ARDS
GSE32707	GSE32707	GSM812687	GPL10558	ARDS
GSE32707	GSE32707	GSM812693	GPL10558	ARDS
GSE32707	GSE32707	GSM812694	GPL10558	ARDS
GSE32707	GSE32707	GSM812695	GPL10558	ARDS
GSE32707	GSE32707	GSM812705	GPL10558	ARDS
GSE32707	GSE32707	GSM812706	GPL10558	ARDS
GSE32707	GSE32707	GSM812707	GPL10558	ARDS
GSE32707	GSE32707	GSM812708	GPL10558	ARDS
GSE32707	GSE32707	GSM812721	GPL10558	ARDS
GSE32707	GSE32707	GSM812731	GPL10558	ARDS
GSE32707	GSE32707	GSM812732	GPL10558	ARDS
GSE32707	GSE32707	GSM812733	GPL10558	ARDS
GSE32707	GSE32707	GSM812734	GPL10558	ARDS
GSE32707	GSE32707	GSM812737	GPL10558	ARDS
GSE32707	GSE32707	GSM812738	GPL10558	ARDS
GSE32707	GSE32707	GSM812739	GPL10558	ARDS
GSE32707	GSE32707	GSM812740	GPL10558	ARDS
GSE3140	GSE3140	GSM71084	GPL201	CBMNC_LPS
GSE3140	GSE3140	GSM71085	GPL201	CBMNC_LPS
GSE3140	GSE3140	GSM71086	GPL201	CBMNC_LPS
GSE3140	GSE3140	GSM71081	GPL201	CBMNC_NoLPS
GSE3140	GSE3140	GSM71082	GPL201	CBMNC_NoLPS
GSE3140	GSE3140	GSM71083	GPL201	CBMNC_NoLPS
GSE16836	GSE16836	GSM422109	GPL570	CD16neg
GSE16836	GSE16836	GSM422110	GPL570	CD16neg
GSE16836	GSE16836	GSM422111	GPL570	CD16neg
GSE16836	GSE16836	GSM422112	GPL570	CD16neg
GSE16836	GSE16836	GSM422113	GPL570	CD16pos
GSE16836	GSE16836	GSM422114	GPL570	CD16pos
GSE16836	GSE16836	GSM422115	GPL570	CD16pos
GSE16836	GSE16836	GSM422116	GPL570	CD16pos
GSE9692	GSE9692	GSM244488	GPL570	Zcontrol
GSE9692	GSE9692	GSM244489	GPL570	Zcontrol
GSE9692	GSE9692	GSM244490	GPL570	Zcontrol
GSE9692	GSE9692	GSM244491	GPL570	Zcontrol
GSE9692	GSE9692	GSM244492	GPL570	Zcontrol
GSE9692	GSE9692	GSM244493	GPL570	Zcontrol
GSE9692	GSE9692	GSM244494	GPL570	Zcontrol
GSE9692	GSE9692	GSM244495	GPL570	Zcontrol
GSE9692	GSE9692	GSM244496	GPL570	Zcontrol
GSE9692	GSE9692	GSM244497	GPL570	Zcontrol
GSE9692	GSE9692	GSM244498	GPL570	Zcontrol
GSE9692	GSE9692	GSM244507	GPL570	Zcontrol
GSE9692	GSE9692	GSM244508	GPL570	Zcontrol
GSE9692	GSE9692	GSM244509	GPL570	Zcontrol
GSE9692	GSE9692	GSM244510	GPL570	Zcontrol
GSE32707	GSE32707	GSM812611	GPL10558	Zcontrol
GSE32707	GSE32707	GSM812612	GPL10558	Zcontrol
GSE32707	GSE32707	GSM812613	GPL10558	Zcontrol
GSE32707	GSE32707	GSM812619	GPL10558	Zcontrol
GSE32707	GSE32707	GSM812620	GPL10558	Zcontrol
GSE32707	GSE32707	GSM812621	GPL10558	Zcontrol
GSE32707	GSE32707	GSM812624	GPL10558	Zcontrol
GSE32707	GSE32707	GSM812625	GPL10558	Zcontrol
GSE32707	GSE32707	GSM812627	GPL10558	Zcontrol
GSE32707	GSE32707	GSM812655	GPL10558	Zcontrol
GSE32707	GSE32707	GSM812659	GPL10558	Zcontrol
GSE32707	GSE32707	GSM812667	GPL10558	Zcontrol
GSE32707	GSE32707	GSM812670	GPL10558	Zcontrol
GSE32707	GSE32707	GSM812676	GPL10558	Zcontrol
GSE32707	GSE32707	GSM812688	GPL10558	Zcontrol
GSE32707	GSE32707	GSM812689	GPL10558	Zcontrol
GSE32707	GSE32707	GSM812690	GPL10558	Zcontrol
GSE32707	GSE32707	GSM812699	GPL10558	Zcontrol
GSE32707	GSE32707	GSM812702	GPL10558	Zcontrol
GSE32707	GSE32707	GSM812728	GPL10558	Zcontrol
GSE32707	GSE32707	GSM812735	GPL10558	Zcontrol
GSE32707	GSE32707	GSM812736	GPL10558	Zcontrol
GSE32707	GSE32707	GSM812741	GPL10558	Zcontrol
GSE32707	GSE32707	GSM812742	GPL10558	Zcontrol
GSE32707	GSE32707	GSM812743	GPL10558	Zcontrol
GSE32707	GSE32707	GSM812744	GPL10558	Zcontrol
GSE32707	GSE32707	GSM812745	GPL10558	Zcontrol
GSE32707	GSE32707	GSM812746	GPL10558	Zcontrol
GSE32707	GSE32707	GSM812747	GPL10558	Zcontrol
GSE32707	GSE32707	GSM812748	GPL10558	Zcontrol
GSE32707	GSE32707	GSM812749	GPL10558	Zcontrol
GSE32707	GSE32707	GSM812750	GPL10558	Zcontrol
GSE32707	GSE32707	GSM812751	GPL10558	Zcontrol
GSE32707	GSE32707	GSM812752	GPL10558	Zcontrol
GSE3284-GPL570	GSE3284	GSM75552	GPL570	Zcontrol
GSE3284-GPL570	GSE3284	GSM75553	GPL570	Zcontrol
GSE3284-GPL570	GSE3284	GSM75554	GPL570	Zcontrol
GSE3284-GPL570	GSE3284	GSM75555	GPL570	Zcontrol
GSE3284-GPL570	GSE3284	GSM75556	GPL570	Zcontrol
GSE3284-GPL570	GSE3284	GSM75557	GPL570	Zcontrol
GSE3284-GPL570	GSE3284	GSM75558	GPL570	Zcontrol
GSE3284-GPL570	GSE3284	GSM75559	GPL570	Zcontrol
GSE3284-GPL570	GSE3284	GSM75560	GPL570	Zcontrol
GSE3284-GPL570	GSE3284	GSM75561	GPL570	Zcontrol
GSE3284-GPL570	GSE3284	GSM75562	GPL570	Zcontrol
GSE3284-GPL570	GSE3284	GSM75563	GPL570	Zcontrol
GSE3284-GPL570	GSE3284	GSM75564	GPL570	Zcontrol
GSE3284-GPL570	GSE3284	GSM75565	GPL570	Zcontrol
GSE3284-GPL570	GSE3284	GSM75566	GPL570	Zcontrol
GSE3284-GPL570	GSE3284	GSM75567	GPL570	Zcontrol
GSE3284-GPL570	GSE3284	GSM75568	GPL570	Zcontrol
GSE3284-GPL570	GSE3284	GSM75569	GPL570	Zcontrol
GSE13015-GPL6106	GSE13015	GSM326096	GPL6106	Zcontrol
GSE13015-GPL6106	GSE13015	GSM326112	GPL6106	Zcontrol
GSE13015-GPL6106	GSE13015	GSM326119	GPL6106	Zcontrol
GSE13015-GPL6947	GSE13015	GSM365212	GPL6947	Zcontrol
GSE13015-GPL6947	GSE13015	GSM365213	GPL6947	Zcontrol
GSE13015-GPL6947	GSE13015	GSM365214	GPL6947	Zcontrol
GSE13015-GPL6947	GSE13015	GSM365215	GPL6947	Zcontrol
GSE13015-GPL6947	GSE13015	GSM365216	GPL6947	Zcontrol
GSE6269-GPL96	GSE6269	GSM173225	GPL96	Zcontrol
GSE6269-GPL96	GSE6269	GSM173245	GPL96	Zcontrol
GSE6269-GPL96	GSE6269	GSM173246	GPL96	Zcontrol
GSE6269-GPL96	GSE6269	GSM173250	GPL96	Zcontrol
GSE6269-GPL96	GSE6269	GSM173262	GPL96	Zcontrol
GSE6269-GPL96	GSE6269	GSM173274	GPL96	Zcontrol
GSE8121	GSE8121	GSM201230	GPL570	Zcontrol
GSE8121	GSE8121	GSM201231	GPL570	Zcontrol
GSE8121	GSE8121	GSM201232	GPL570	Zcontrol
GSE8121	GSE8121	GSM201233	GPL570	Zcontrol
GSE8121	GSE8121	GSM201234	GPL570	Zcontrol
GSE8121	GSE8121	GSM201235	GPL570	Zcontrol
GSE8121	GSE8121	GSM201236	GPL570	Zcontrol
GSE8121	GSE8121	GSM201237	GPL570	Zcontrol
GSE8121	GSE8121	GSM201238	GPL570	Zcontrol
GSE8121	GSE8121	GSM201239	GPL570	Zcontrol
GSE8121	GSE8121	GSM201240	GPL570	Zcontrol
GSE8121	GSE8121	GSM201241	GPL570	Zcontrol
GSE8121	GSE8121	GSM201242	GPL570	Zcontrol
GSE8121	GSE8121	GSM201243	GPL570	Zcontrol
GSE8121	GSE8121	GSM201244	GPL570	Zcontrol
GSE28750	GSE28750	GSM712488	GPL570	Zcontrol
GSE28750	GSE28750	GSM712489	GPL570	Zcontrol
GSE28750	GSE28750	GSM712490	GPL570	Zcontrol
GSE28750	GSE28750	GSM712491	GPL570	Zcontrol
GSE28750	GSE28750	GSM712492	GPL570	Zcontrol
GSE28750	GSE28750	GSM712493	GPL570	Zcontrol
GSE28750	GSE28750	GSM712494	GPL570	Zcontrol
GSE28750	GSE28750	GSM712495	GPL570	Zcontrol
GSE28750	GSE28750	GSM712496	GPL570	Zcontrol
GSE28750	GSE28750	GSM712497	GPL570	Zcontrol
GSE28750	GSE28750	GSM712498	GPL570	Zcontrol
GSE28750	GSE28750	GSM712499	GPL570	Zcontrol
GSE28750	GSE28750	GSM712500	GPL570	Zcontrol
GSE28750	GSE28750	GSM712501	GPL570	Zcontrol
GSE28750	GSE28750	GSM712502	GPL570	Zcontrol
GSE28750	GSE28750	GSM712503	GPL570	Zcontrol
GSE28750	GSE28750	GSM712504	GPL570	Zcontrol
GSE28750	GSE28750	GSM712505	GPL570	Zcontrol
GSE28750	GSE28750	GSM712506	GPL570	Zcontrol
GSE28750	GSE28750	GSM712507	GPL570	Zcontrol
GSE3026	GSE3026	GSM66654	GPL8300	Zcontrol
GSE3026	GSE3026	GSM66676	GPL8300	Zcontrol
GSE3026	GSE3026	GSM66656	GPL8300	Zcontrol
GSE3026	GSE3026	GSM66680	GPL8300	Zcontrol
GSE3026	GSE3026	GSM66685	GPL8300	Zcontrol
GSE3026	GSE3026	GSM66661	GPL8300	Zcontrol
GSE3026	GSE3026	GSM66666	GPL8300	Zcontrol
GSE3026	GSE3026	GSM66667	GPL8300	Zcontrol
GSE5772	GSE5772	GSM134895	GPL4274	Zcontrol
GSE5772	GSE5772	GSM135659	GPL4274	Zcontrol
GSE5772	GSE5772	GSM135674	GPL4274	Zcontrol
GSE5772	GSE5772	GSM135678	GPL4274	Zcontrol
GSE5772	GSE5772	GSM135683	GPL4274	Zcontrol
GSE5772	GSE5772	GSM135685	GPL4274	Zcontrol
GSE5772	GSE5772	GSM135686	GPL4274	Zcontrol
GSE5772	GSE5772	GSM135691	GPL4274	Zcontrol
GSE5772	GSE5772	GSM135699	GPL4274	Zcontrol
GSE5772	GSE5772	GSM134896	GPL4274	Zcontrol
GSE5772	GSE5772	GSM134897	GPL4274	Zcontrol
GSE5772	GSE5772	GSM134898	GPL4274	Zcontrol
GSE5772	GSE5772	GSM134900	GPL4274	Zcontrol
GSE5772	GSE5772	GSM134903	GPL4274	Zcontrol
GSE5772	GSE5772	GSM134905	GPL4274	Zcontrol
GSE5772	GSE5772	GSM134907	GPL4274	Zcontrol
GSE5772	GSE5772	GSM134940	GPL4274	Zcontrol
GSE5772	GSE5772	GSM135015	GPL4274	Zcontrol
GSE5772	GSE5772	GSM135016	GPL4274	Zcontrol
GSE5772	GSE5772	GSM135017	GPL4274	Zcontrol
GSE5772	GSE5772	GSM135018	GPL4274	Zcontrol
GSE5772	GSE5772	GSM135701	GPL4274	Zcontrol
GSE5772	GSE5772	GSM135657	GPL4274	Zcontrol
GSE6535	GSE6535	GSM151369	GPL4274	Zcontrol
GSE6535	GSE6535	GSM151370	GPL4274	Zcontrol
GSE6535	GSE6535	GSM151371	GPL4274	Zcontrol
GSE6535	GSE6535	GSM151372	GPL4274	Zcontrol
GSE6535	GSE6535	GSM151373	GPL4274	Zcontrol
GSE6535	GSE6535	GSM151374	GPL4274	Zcontrol
GSE6535	GSE6535	GSM151375	GPL4274	Zcontrol
GSE6535	GSE6535	GSM151376	GPL4274	Zcontrol
GSE6535	GSE6535	GSM151377	GPL4274	Zcontrol
GSE6535	GSE6535	GSM151378	GPL4274	Zcontrol
GSE6535	GSE6535	GSM151379	GPL4274	Zcontrol
GSE6535	GSE6535	GSM151380	GPL4274	Zcontrol
GSE6535	GSE6535	GSM151381	GPL4274	Zcontrol
GSE6535	GSE6535	GSM151382	GPL4274	Zcontrol
GSE6535	GSE6535	GSM151383	GPL4274	Zcontrol
GSE6535	GSE6535	GSM151384	GPL4274	Zcontrol
GSE6535	GSE6535	GSM151385	GPL4274	Zcontrol
GSE9960	GSE9960	GSM251934	GPL570	Zcontrol
GSE9960	GSE9960	GSM251943	GPL570	Zcontrol
GSE9960	GSE9960	GSM251935	GPL570	Zcontrol
GSE9960	GSE9960	GSM251936	GPL570	Zcontrol
GSE9960	GSE9960	GSM251937	GPL570	Zcontrol
GSE9960	GSE9960	GSM251938	GPL570	Zcontrol
GSE9960	GSE9960	GSM251939	GPL570	Zcontrol
GSE9960	GSE9960	GSM251940	GPL570	Zcontrol
GSE9960	GSE9960	GSM251941	GPL570	Zcontrol
GSE9960	GSE9960	GSM251942	GPL570	Zcontrol
GSE9960	GSE9960	GSM251945	GPL570	Zcontrol
GSE9960	GSE9960	GSM251994	GPL570	Zcontrol
GSE9960	GSE9960	GSM251997	GPL570	Zcontrol
GSE9960	GSE9960	GSM251946	GPL570	Zcontrol
GSE9960	GSE9960	GSM251950	GPL570	Zcontrol
GSE9960	GSE9960	GSM251952	GPL570	Zcontrol
GSE4607	GSE4607	GSM102961	GPL570	Zcontrol
GSE4607	GSE4607	GSM102962	GPL570	Zcontrol
GSE4607	GSE4607	GSM102963	GPL570	Zcontrol
GSE4607	GSE4607	GSM102964	GPL570	Zcontrol
GSE4607	GSE4607	GSM102965	GPL570	Zcontrol
GSE4607	GSE4607	GSM102966	GPL570	Zcontrol
GSE4607	GSE4607	GSM102967	GPL570	Zcontrol
GSE4607	GSE4607	GSM102968	GPL570	Zcontrol
GSE4607	GSE4607	GSM102969	GPL570	Zcontrol
GSE4607	GSE4607	GSM102970	GPL570	Zcontrol
GSE4607	GSE4607	GSM102971	GPL570	Zcontrol
GSE4607	GSE4607	GSM102972	GPL570	Zcontrol
GSE4607	GSE4607	GSM102973	GPL570	Zcontrol
GSE4607	GSE4607	GSM102974	GPL570	Zcontrol
GSE4607	GSE4607	GSM102975	GPL570	Zcontrol
GSE13904	GSE13904	GSM350139	GPL570	Zcontrol
GSE13904	GSE13904	GSM350140	GPL570	Zcontrol
GSE13904	GSE13904	GSM350141	GPL570	Zcontrol
GSE13904	GSE13904	GSM350142	GPL570	Zcontrol
GSE13904	GSE13904	GSM350143	GPL570	Zcontrol
GSE13904	GSE13904	GSM350144	GPL570	Zcontrol
GSE13904	GSE13904	GSM350145	GPL570	Zcontrol
GSE13904	GSE13904	GSM350146	GPL570	Zcontrol
GSE13904	GSE13904	GSM350147	GPL570	Zcontrol
GSE13904	GSE13904	GSM350148	GPL570	Zcontrol
GSE13904	GSE13904	GSM350149	GPL570	Zcontrol
GSE13904	GSE13904	GSM350150	GPL570	Zcontrol
GSE13904	GSE13904	GSM350151	GPL570	Zcontrol
GSE13904	GSE13904	GSM350152	GPL570	Zcontrol
GSE13904	GSE13904	GSM350153	GPL570	Zcontrol
GSE13904	GSE13904	GSM350154	GPL570	Zcontrol
GSE13904	GSE13904	GSM350155	GPL570	Zcontrol
GSE13904	GSE13904	GSM350156	GPL570	Zcontrol
GSE26378	GSE26378	GSM647533	GPL570	Zcontrol
GSE26378	GSE26378	GSM647590	GPL570	Zcontrol
GSE26378	GSE26378	GSM647604	GPL570	Zcontrol
GSE26378	GSE26378	GSM647605	GPL570	Zcontrol
GSE26378	GSE26378	GSM647606	GPL570	Zcontrol
GSE26378	GSE26378	GSM647607	GPL570	Zcontrol
GSE26378	GSE26378	GSM647608	GPL570	Zcontrol
GSE26378	GSE26378	GSM647621	GPL570	Zcontrol
GSE26378	GSE26378	GSM647622	GPL570	Zcontrol
GSE26378	GSE26378	GSM647623	GPL570	Zcontrol
GSE26378	GSE26378	GSM647624	GPL570	Zcontrol
GSE26378	GSE26378	GSM647534	GPL570	Zcontrol
GSE26378	GSE26378	GSM647625	GPL570	Zcontrol
GSE26378	GSE26378	GSM647626	GPL570	Zcontrol
GSE26378	GSE26378	GSM647536	GPL570	Zcontrol
GSE26378	GSE26378	GSM647537	GPL570	Zcontrol
GSE26378	GSE26378	GSM647538	GPL570	Zcontrol
GSE26378	GSE26378	GSM647539	GPL570	Zcontrol
GSE26378	GSE26378	GSM647566	GPL570	Zcontrol
GSE26378	GSE26378	GSM647575	GPL570	Zcontrol
GSE26378	GSE26378	GSM647589	GPL570	Zcontrol
GSE26440	GSE26440	GSM648630	GPL570	Zcontrol
GSE26440	GSE26440	GSM648669	GPL570	Zcontrol
GSE26440	GSE26440	GSM648671	GPL570	Zcontrol
GSE26440	GSE26440	GSM648672	GPL570	Zcontrol
GSE26440	GSE26440	GSM648673	GPL570	Zcontrol
GSE26440	GSE26440	GSM648674	GPL570	Zcontrol
GSE26440	GSE26440	GSM648676	GPL570	Zcontrol
GSE26440	GSE26440	GSM648677	GPL570	Zcontrol
GSE26440	GSE26440	GSM648678	GPL570	Zcontrol
GSE26440	GSE26440	GSM648679	GPL570	Zcontrol
GSE26440	GSE26440	GSM648681	GPL570	Zcontrol
GSE26440	GSE26440	GSM648631	GPL570	Zcontrol
GSE26440	GSE26440	GSM648686	GPL570	Zcontrol
GSE26440	GSE26440	GSM648687	GPL570	Zcontrol
GSE26440	GSE26440	GSM648688	GPL570	Zcontrol
GSE26440	GSE26440	GSM648689	GPL570	Zcontrol
GSE26440	GSE26440	GSM648690	GPL570	Zcontrol
GSE26440	GSE26440	GSM648691	GPL570	Zcontrol
GSE26440	GSE26440	GSM648692	GPL570	Zcontrol
GSE26440	GSE26440	GSM648693	GPL570	Zcontrol
GSE26440	GSE26440	GSM648694	GPL570	Zcontrol
GSE26440	GSE26440	GSM648699	GPL570	Zcontrol
GSE26440	GSE26440	GSM648632	GPL570	Zcontrol
GSE26440	GSE26440	GSM648700	GPL570	Zcontrol
GSE26440	GSE26440	GSM648701	GPL570	Zcontrol
GSE26440	GSE26440	GSM648703	GPL570	Zcontrol
GSE26440	GSE26440	GSM648637	GPL570	Zcontrol
GSE26440	GSE26440	GSM648638	GPL570	Zcontrol
GSE26440	GSE26440	GSM648639	GPL570	Zcontrol
GSE26440	GSE26440	GSM648640	GPL570	Zcontrol
GSE26440	GSE26440	GSM648641	GPL570	Zcontrol
GSE26440	GSE26440	GSM648668	GPL570	Zcontrol
GSE33341-GPL571	GSE33341	GSM824747	GPL571	Zcontrol
GSE33341-GPL571	GSE33341	GSM824748	GPL571	Zcontrol
GSE33341-GPL571	GSE33341	GSM824749	GPL571	Zcontrol
GSE33341-GPL571	GSE33341	GSM824750	GPL571	Zcontrol
GSE33341-GPL571	GSE33341	GSM824751	GPL571	Zcontrol
GSE33341-GPL571	GSE33341	GSM824752	GPL571	Zcontrol
GSE33341-GPL571	GSE33341	GSM824753	GPL571	Zcontrol
GSE33341-GPL571	GSE33341	GSM824754	GPL571	Zcontrol
GSE33341-GPL571	GSE33341	GSM824755	GPL571	Zcontrol
GSE33341-GPL571	GSE33341	GSM824756	GPL571	Zcontrol
GSE33341-GPL571	GSE33341	GSM824757	GPL571	Zcontrol
GSE33341-GPL571	GSE33341	GSM824758	GPL571	Zcontrol
GSE33341-GPL571	GSE33341	GSM824759	GPL571	Zcontrol
GSE33341-GPL571	GSE33341	GSM824760	GPL571	Zcontrol
GSE33341-GPL571	GSE33341	GSM824761	GPL571	Zcontrol
GSE33341-GPL571	GSE33341	GSM824762	GPL571	Zcontrol
GSE33341-GPL571	GSE33341	GSM824763	GPL571	Zcontrol
GSE33341-GPL571	GSE33341	GSM824764	GPL571	Zcontrol
GSE33341-GPL571	GSE33341	GSM824765	GPL571	Zcontrol
GSE33341-GPL571	GSE33341	GSM824766	GPL571	Zcontrol
GSE33341-GPL571	GSE33341	GSM824767	GPL571	Zcontrol
GSE33341-GPL571	GSE33341	GSM824768	GPL571	Zcontrol
GSE33341-GPL571	GSE33341	GSM824769	GPL571	Zcontrol
GSE33341-GPL571	GSE33341	GSM824770	GPL571	Zcontrol
GSE33341-GPL571	GSE33341	GSM824771	GPL571	Zcontrol
GSE33341-GPL571	GSE33341	GSM824772	GPL571	Zcontrol
GSE33341-GPL571	GSE33341	GSM824773	GPL571	Zcontrol
GSE33341-GPL571	GSE33341	GSM824774	GPL571	Zcontrol
GSE33341-GPL571	GSE33341	GSM824775	GPL571	Zcontrol
GSE33341-GPL571	GSE33341	GSM824776	GPL571	Zcontrol
GSE33341-GPL571	GSE33341	GSM824777	GPL571	Zcontrol
GSE33341-GPL571	GSE33341	GSM824778	GPL571	Zcontrol
GSE33341-GPL571	GSE33341	GSM824779	GPL571	Zcontrol
GSE33341-GPL571	GSE33341	GSM824780	GPL571	Zcontrol
GSE33341-GPL571	GSE33341	GSM824781	GPL571	Zcontrol
GSE33341-GPL571	GSE33341	GSM824782	GPL571	Zcontrol
GSE33341-GPL571	GSE33341	GSM824783	GPL571	Zcontrol
GSE33341-GPL571	GSE33341	GSM824784	GPL571	Zcontrol
GSE33341-GPL571	GSE33341	GSM824785	GPL571	Zcontrol
GSE33341-GPL571	GSE33341	GSM824786	GPL571	Zcontrol
GSE33341-GPL571	GSE33341	GSM824787	GPL571	Zcontrol
GSE33341-GPL571	GSE33341	GSM824788	GPL571	Zcontrol
GSE33341-GPL571	GSE33341	GSM824790	GPL571	Zcontrol
GSE3026	GSE3026	GSM66617	GPL8300	Zcontrol
GSE3026	GSE3026	GSM66622	GPL8300	Zcontrol
GSE3026	GSE3026	GSM66627	GPL8300	Zcontrol
GSE3026	GSE3026	GSM66632	GPL8300	Zcontrol
GSE3026	GSE3026	GSM66637	GPL8300	Zcontrol
GSE3026	GSE3026	GSM66641	GPL8300	Zcontrol
GSE3026	GSE3026	GSM66646	GPL8300	Zcontrol
GSE3026	GSE3026	GSM66649	GPL8300	Zcontrol
GSE3026	GSE3026	GSM66652	GPL8300	Zcontrol
GSE13015-GPL6106	GSE13015	GSM326165	GPL6106	Zcontrol_Recovered
GSE13015-GPL6106	GSE13015	GSM326174	GPL6106	Zcontrol_Recovered
GSE13015-GPL6106	GSE13015	GSM326183	GPL6106	Zcontrol_Recovered
GSE13015-GPL6106	GSE13015	GSM326188	GPL6106	Zcontrol_Recovered
GSE13015-GPL6106	GSE13015	GSM326190	GPL6106	Zcontrol_Recovered
GSE13015-GPL6106	GSE13015	GSM326094	GPL6106	Zcontrol_Recovered
GSE13015-GPL6106	GSE13015	GSM326099	GPL6106	Zcontrol_Recovered
GSE13015-GPL6106	GSE13015	GSM326100	GPL6106	Zcontrol_Recovered
GSE13015-GPL6106	GSE13015	GSM326109	GPL6106	Zcontrol_Recovered
GSE13015-GPL6106	GSE13015	GSM326167	GPL6106	Zcontrol_T2DM
GSE13015-GPL6106	GSE13015	GSM326169	GPL6106	Zcontrol_T2DM
GSE13015-GPL6106	GSE13015	GSM326175	GPL6106	Zcontrol_T2DM
GSE13015-GPL6106	GSE13015	GSM326187	GPL6106	Zcontrol_T2DM
GSE13015-GPL6106	GSE13015	GSM326189	GPL6106	Zcontrol_T2DM
GSE13015-GPL6106	GSE13015	GSM326095	GPL6106	Zcontrol_T2DM
GSE13015-GPL6106	GSE13015	GSM326113	GPL6106	Zcontrol_T2DM
GSE13015-GPL6947	GSE13015	GSM365217	GPL6947	Zcontrol_T2DM
GSE13015-GPL6947	GSE13015	GSM365218	GPL6947	Zcontrol_T2DM
GSE13015-GPL6947	GSE13015	GSM365219	GPL6947	Zcontrol_T2DM
GSE13015-GPL6947	GSE13015	GSM365220	GPL6947	Zcontrol_T2DM
GSE13015-GPL6947	GSE13015	GSM365221	GPL6947	Zcontrol_T2DM
GSE15221	GSE15221	GSM380064	GPL6102	Cured
GSE15221	GSE15221	GSM380065	GPL6102	Cured
GSE15221	GSE15221	GSM380066	GPL6102	Cured
GSE15221	GSE15221	GSM380067	GPL6102	Cured
GSE15221	GSE15221	GSM380068	GPL6102	Cured
GSE15221	GSE15221	GSM380069	GPL6102	Cured
GSE15221	GSE15221	GSM380070	GPL6102	Cured
GSE15221	GSE15221	GSM380071	GPL6102	Cured
GSE15221	GSE15221	GSM380072	GPL6102	Cured
GSE15221	GSE15221	GSM380073	GPL6102	Cured
GSE15221	GSE15221	GSM380074	GPL6102	Cured
GSE15221	GSE15221	GSM380075	GPL6102	Cured
GSE15221	GSE15221	GSM380076	GPL6102	Cured
GSE6269-GPL96	GSE6269	GSM173180	GPL96	E_coli
GSE6269-GPL96	GSE6269	GSM173181	GPL96	E_coli
GSE6269-GPL96	GSE6269	GSM173185	GPL96	E_coli
GSE6269-GPL96	GSE6269	GSM173186	GPL96	E_coli
GSE6269-GPL96	GSE6269	GSM173190	GPL96	E_coli
GSE6269-GPL96	GSE6269	GSM173192	GPL96	E_coli
GSE6269-GPL96	GSE6269	GSM173199	GPL96	E_coli
GSE6269-GPL96	GSE6269	GSM173200	GPL96	E_coli
GSE6269-GPL96	GSE6269	GSM173202	GPL96	E_coli
GSE6269-GPL96	GSE6269	GSM173222	GPL96	E_coli
GSE6269-GPL96	GSE6269	GSM173223	GPL96	E_coli
GSE6269-GPL96	GSE6269	GSM173227	GPL96	E_coli
GSE6269-GPL96	GSE6269	GSM173228	GPL96	E_coli
GSE6269-GPL96	GSE6269	GSM173229	GPL96	E_coli
GSE6269-GPL96	GSE6269	GSM173231	GPL96	E_coli
GSE6269-GPL96	GSE6269	GSM173232	GPL96	E_coli
GSE6269-GPL96	GSE6269	GSM173233	GPL96	E_coli
GSE6269-GPL96	GSE6269	GSM173235	GPL96	E_coli
GSE6269-GPL96	GSE6269	GSM173236	GPL96	E_coli
GSE6269-GPL96	GSE6269	GSM173237	GPL96	E_coli
GSE6269-GPL96	GSE6269	GSM173238	GPL96	E_coli
GSE6269-GPL96	GSE6269	GSM173240	GPL96	E_coli
GSE6269-GPL96	GSE6269	GSM173241	GPL96	E_coli
GSE6269-GPL96	GSE6269	GSM173242	GPL96	E_coli
GSE6269-GPL96	GSE6269	GSM173243	GPL96	E_coli
GSE6269-GPL96	GSE6269	GSM173244	GPL96	E_coli
GSE6269-GPL96	GSE6269	GSM173252	GPL96	E_coli
GSE6269-GPL96	GSE6269	GSM173255	GPL96	E_coli
GSE6269-GPL96	GSE6269	GSM173257	GPL96	E_coli
GSE33341-GPL571	GSE33341	GSM824707	GPL571	E_coli
GSE33341-GPL571	GSE33341	GSM824708	GPL571	E_coli
GSE33341-GPL571	GSE33341	GSM824709	GPL571	E_coli
GSE33341-GPL571	GSE33341	GSM824710	GPL571	E_coli
GSE33341-GPL571	GSE33341	GSM824711	GPL571	E_coli
GSE33341-GPL571	GSE33341	GSM824712	GPL571	E_coli
GSE33341-GPL571	GSE33341	GSM824713	GPL571	E_coli
GSE33341-GPL571	GSE33341	GSM824714	GPL571	E_coli
GSE33341-GPL571	GSE33341	GSM824715	GPL571	E_coli
GSE33341-GPL571	GSE33341	GSM824716	GPL571	E_coli
GSE33341-GPL571	GSE33341	GSM824717	GPL571	E_coli
GSE33341-GPL571	GSE33341	GSM824718	GPL571	E_coli
GSE33341-GPL571	GSE33341	GSM824719	GPL571	E_coli
GSE33341-GPL571	GSE33341	GSM824720	GPL571	E_coli
GSE33341-GPL571	GSE33341	GSM932380	GPL571	E_coli
GSE33341-GPL571	GSE33341	GSM932381	GPL571	E_coli
GSE33341-GPL571	GSE33341	GSM932382	GPL571	E_coli
GSE33341-GPL571	GSE33341	GSM932383	GPL571	E_coli
GSE33341-GPL571	GSE33341	GSM932384	GPL571	E_coli
GSE3026	GSE3026	GSM66657	GPL8300	Endotoxin
GSE3026	GSE3026	GSM66662	GPL8300	Endotoxin
GSE3026	GSE3026	GSM66658	GPL8300	Endotoxin
GSE3026	GSE3026	GSM66663	GPL8300	Endotoxin
GSE3026	GSE3026	GSM66668	GPL8300	Endotoxin
GSE3026	GSE3026	GSM66659	GPL8300	Endotoxin
GSE3026	GSE3026	GSM66664	GPL8300	Endotoxin
GSE3026	GSE3026	GSM66669	GPL8300	Endotoxin
GSE3026	GSE3026	GSM66660	GPL8300	Endotoxin
GSE3026	GSE3026	GSM66655	GPL8300	Endotoxin
GSE3026	GSE3026	GSM66665	GPL8300	Endotoxin
GSE3026	GSE3026	GSM66670	GPL8300	Endotoxin
GSE3026	GSE3026	GSM66671	GPL8300	Endotoxin
GSE3026	GSE3026	GSM66618	GPL8300	Endotoxin
GSE3026	GSE3026	GSM66619	GPL8300	Endotoxin
GSE3026	GSE3026	GSM66620	GPL8300	Endotoxin
GSE3026	GSE3026	GSM66621	GPL8300	Endotoxin
GSE3026	GSE3026	GSM66623	GPL8300	Endotoxin
GSE3026	GSE3026	GSM66624	GPL8300	Endotoxin
GSE3026	GSE3026	GSM66625	GPL8300	Endotoxin
GSE3026	GSE3026	GSM66626	GPL8300	Endotoxin
GSE3026	GSE3026	GSM66628	GPL8300	Endotoxin
GSE3026	GSE3026	GSM66629	GPL8300	Endotoxin
GSE3026	GSE3026	GSM66630	GPL8300	Endotoxin
GSE3026	GSE3026	GSM66631	GPL8300	Endotoxin
GSE3026	GSE3026	GSM66633	GPL8300	Endotoxin
GSE3026	GSE3026	GSM66634	GPL8300	Endotoxin
GSE3026	GSE3026	GSM66635	GPL8300	Endotoxin
GSE3026	GSE3026	GSM66636	GPL8300	Endotoxin
GSE3026	GSE3026	GSM66638	GPL8300	Endotoxin
GSE3026	GSE3026	GSM66639	GPL8300	Endotoxin
GSE3026	GSE3026	GSM66640	GPL8300	Endotoxin
GSE3026	GSE3026	GSM66642	GPL8300	Endotoxin
GSE3026	GSE3026	GSM66643	GPL8300	Endotoxin
GSE3026	GSE3026	GSM66644	GPL8300	Endotoxin
GSE3026	GSE3026	GSM66645	GPL8300	Endotoxin
GSE3026	GSE3026	GSM66647	GPL8300	Endotoxin
GSE3026	GSE3026	GSM66648	GPL8300	Endotoxin
GSE3026	GSE3026	GSM66650	GPL8300	Endotoxin
GSE3026	GSE3026	GSM66651	GPL8300	Endotoxin
GSE3026	GSE3026	GSM66653	GPL8300	Endotoxin
GSE6269-GPL96	GSE6269	GSM173191	GPL96	Influenza
GSE6269-GPL96	GSE6269	GSM173203	GPL96	Influenza
GSE6269-GPL96	GSE6269	GSM173207	GPL96	Influenza
GSE6269-GPL96	GSE6269	GSM173208	GPL96	Influenza
GSE6269-GPL96	GSE6269	GSM173211	GPL96	Influenza
GSE6269-GPL96	GSE6269	GSM173212	GPL96	Influenza
GSE6269-GPL96	GSE6269	GSM173213	GPL96	Influenza
GSE6269-GPL96	GSE6269	GSM173214	GPL96	Influenza
GSE6269-GPL96	GSE6269	GSM173215	GPL96	Influenza
GSE6269-GPL96	GSE6269	GSM173216	GPL96	Influenza
GSE6269-GPL96	GSE6269	GSM173218	GPL96	Influenza
GSE6269-GPL96	GSE6269	GSM173219	GPL96	Influenza
GSE6269-GPL96	GSE6269	GSM173220	GPL96	Influenza
GSE6269-GPL96	GSE6269	GSM173221	GPL96	Influenza
GSE6269-GPL96	GSE6269	GSM173224	GPL96	Influenza
GSE6269-GPL96	GSE6269	GSM173226	GPL96	Influenza
GSE6269-GPL96	GSE6269	GSM173261	GPL96	Influenza
GSE6269-GPL96	GSE6269	GSM173268	GPL96	Influenza
GSE6269-GPL570	GSE6269	GSM173301	GPL570	Influenza
GSE6269-GPL2507	GSE6269	GSM173302	GPL2507	Influenza
GSE6269-GPL570	GSE6269	GSM173305	GPL570	Influenza
GSE6269-GPL2507	GSE6269	GSM173306	GPL2507	Influenza
GSE6269-GPL2507	GSE6269	GSM173308	GPL2507	Influenza
GSE6269-GPL570	GSE6269	GSM173309	GPL570	Influenza
GSE6269-GPL570	GSE6269	GSM173314	GPL570	Influenza
GSE6269-GPL2507	GSE6269	GSM173315	GPL2507	Influenza
GSE6269-GPL570	GSE6269	GSM173316	GPL570	Influenza
GSE6269-GPL2507	GSE6269	GSM173176	GPL2507	Influenza
GSE6269-GPL2507	GSE6269	GSM173283	GPL2507	Influenza
GSE6269-GPL2507	GSE6269	GSM173285	GPL2507	Influenza
GSE6269-GPL570	GSE6269	GSM173310	GPL570	Influenza
GSE6269-GPL570	GSE6269	GSM173317	GPL570	Influenza
GSE6269-GPL570	GSE6269	GSM173175	GPL570	Influenza
GSE6269-GPL2507	GSE6269	GSM173318	GPL2507	Influenza
GSE6269-GPL570	GSE6269	GSM173177	GPL570	Influenza
GSE6269-GPL570	GSE6269	GSM173312	GPL570	Influenza
GSE5663-GPL80	GSE5663	GSM132287	GPL80	Injury
GSE5663-GPL80	GSE5663	GSM132288	GPL80	Injury
GSE5663-GPL80	GSE5663	GSM132290	GPL80	Injury
GSE5663-GPL80	GSE5663	GSM132291	GPL80	Injury
GSE5663-GPL80	GSE5663	GSM132292	GPL80	Injury
GSE3284-GPL96	GSE3284	GSM73440	GPL96	LPS
GSE3284-GPL96	GSE3284	GSM73441	GPL96	LPS
GSE3284-GPL96	GSE3284	GSM73442	GPL96	LPS
GSE3284-GPL96	GSE3284	GSM73443	GPL96	LPS
GSE3284-GPL96	GSE3284	GSM73455	GPL96	LPS
GSE3284-GPL96	GSE3284	GSM73456	GPL96	LPS
GSE3284-GPL96	GSE3284	GSM73457	GPL96	LPS
GSE3284-GPL96	GSE3284	GSM73458	GPL96	LPS
GSE3284-GPL96	GSE3284	GSM73469	GPL96	LPS
GSE3284-GPL96	GSE3284	GSM73470	GPL96	LPS
GSE3284-GPL96	GSE3284	GSM73471	GPL96	LPS
GSE3284-GPL96	GSE3284	GSM73472	GPL96	LPS
GSE3284-GPL96	GSE3284	GSM73484	GPL96	LPS
GSE3284-GPL96	GSE3284	GSM73485	GPL96	LPS
GSE3284-GPL96	GSE3284	GSM73486	GPL96	LPS
GSE3284-GPL96	GSE3284	GSM73487	GPL96	LPS
GSE3284-GPL96	GSE3284	GSM73500	GPL96	LPS
GSE3284-GPL96	GSE3284	GSM73501	GPL96	LPS
GSE3284-GPL96	GSE3284	GSM73502	GPL96	LPS
GSE3284-GPL96	GSE3284	GSM73503	GPL96	LPS
GSE3284-GPL97	GSE3284	GSM73432	GPL97	LPS
GSE3284-GPL97	GSE3284	GSM73433	GPL97	LPS
GSE3284-GPL97	GSE3284	GSM73434	GPL97	LPS
GSE3284-GPL97	GSE3284	GSM73435	GPL97	LPS
GSE3284-GPL97	GSE3284	GSM73448	GPL97	LPS
GSE3284-GPL97	GSE3284	GSM73449	GPL97	LPS
GSE3284-GPL97	GSE3284	GSM73450	GPL97	LPS
GSE3284-GPL97	GSE3284	GSM73451	GPL97	LPS
GSE3284-GPL97	GSE3284	GSM73462	GPL97	LPS
GSE3284-GPL97	GSE3284	GSM73463	GPL97	LPS
GSE3284-GPL97	GSE3284	GSM73464	GPL97	LPS
GSE3284-GPL97	GSE3284	GSM73465	GPL97	LPS
GSE3284-GPL97	GSE3284	GSM73476	GPL97	LPS
GSE3284-GPL97	GSE3284	GSM73477	GPL97	LPS
GSE3284-GPL97	GSE3284	GSM73478	GPL97	LPS
GSE3284-GPL97	GSE3284	GSM73479	GPL97	LPS
GSE3284-GPL97	GSE3284	GSM73492	GPL97	LPS
GSE3284-GPL97	GSE3284	GSM73493	GPL97	LPS
GSE3284-GPL97	GSE3284	GSM73494	GPL97	LPS
GSE3284-GPL97	GSE3284	GSM73495	GPL97	LPS
GSE3284-GPL97	GSE3284	GSM73508	GPL97	LPS
GSE3284-GPL97	GSE3284	GSM73509	GPL97	LPS
GSE3284-GPL97	GSE3284	GSM73510	GPL97	LPS
GSE3284-GPL97	GSE3284	GSM73511	GPL97	LPS
GSE35590	GSE35590	GSM871323	GPL5175	LPS_T0
GSE35590	GSE35590	GSM871326	GPL5175	LPS_T0
GSE35590	GSE35590	GSM871329	GPL5175	LPS_T0
GSE35590	GSE35590	GSM871332	GPL5175	LPS_T0
GSE35590	GSE35590	GSM871328	GPL5175	LPS_T2
GSE35590	GSE35590	GSM871330	GPL5175	LPS_T2
GSE35590	GSE35590	GSM871333	GPL5175	LPS_T2
GSE35590	GSE35590	GSM871336	GPL5175	LPS_T2
GSE35590	GSE35590	GSM871324	GPL5175	LPS_T4
GSE35590	GSE35590	GSM871322	GPL5175	LPS_T4
GSE35590	GSE35590	GSM871331	GPL5175	LPS_T4
GSE35590	GSE35590	GSM871334	GPL5175	LPS_T4
GSE35590	GSE35590	GSM871325	GPL5175	LPS_T6
GSE35590	GSE35590	GSM871327	GPL5175	LPS_T6
GSE35590	GSE35590	GSM871335	GPL5175	LPS_T6
GSE35590	GSE35590	GSM871337	GPL5175	LPS_T6
GSE15221	GSE15221	GSM380049	GPL6102	Malaria
GSE15221	GSE15221	GSM380050	GPL6102	Malaria
GSE15221	GSE15221	GSM380051	GPL6102	Malaria
GSE15221	GSE15221	GSM380052	GPL6102	Malaria
GSE15221	GSE15221	GSM380053	GPL6102	Malaria
GSE15221	GSE15221	GSM380054	GPL6102	Malaria
GSE15221	GSE15221	GSM380055	GPL6102	Malaria
GSE15221	GSE15221	GSM380056	GPL6102	Malaria
GSE15221	GSE15221	GSM380057	GPL6102	Malaria
GSE15221	GSE15221	GSM380058	GPL6102	Malaria
GSE15221	GSE15221	GSM380059	GPL6102	Malaria
GSE15221	GSE15221	GSM380060	GPL6102	Malaria
GSE15221	GSE15221	GSM380061	GPL6102	Malaria
GSE15221	GSE15221	GSM380062	GPL6102	Malaria
GSE15221	GSE15221	GSM380063	GPL6102	Malaria
GSE3284-GPL96	GSE3284	GSM73439	GPL96	Placebo
GSE3284-GPL96	GSE3284	GSM73444	GPL96	Placebo
GSE3284-GPL96	GSE3284	GSM73445	GPL96	Placebo
GSE3284-GPL96	GSE3284	GSM73446	GPL96	Placebo
GSE3284-GPL96	GSE3284	GSM73459	GPL96	Placebo
GSE3284-GPL96	GSE3284	GSM73460	GPL96	Placebo
GSE3284-GPL96	GSE3284	GSM73461	GPL96	Placebo
GSE3284-GPL96	GSE3284	GSM73473	GPL96	Placebo
GSE3284-GPL96	GSE3284	GSM73474	GPL96	Placebo
GSE3284-GPL96	GSE3284	GSM73475	GPL96	Placebo
GSE3284-GPL96	GSE3284	GSM73483	GPL96	Placebo
GSE3284-GPL96	GSE3284	GSM73488	GPL96	Placebo
GSE3284-GPL96	GSE3284	GSM73489	GPL96	Placebo
GSE3284-GPL96	GSE3284	GSM73490	GPL96	Placebo
GSE3284-GPL96	GSE3284	GSM73499	GPL96	Placebo
GSE3284-GPL96	GSE3284	GSM73504	GPL96	Placebo
GSE3284-GPL96	GSE3284	GSM73505	GPL96	Placebo
GSE3284-GPL96	GSE3284	GSM73506	GPL96	Placebo
GSE3284-GPL97	GSE3284	GSM73436	GPL97	Placebo
GSE3284-GPL97	GSE3284	GSM73437	GPL97	Placebo
GSE3284-GPL97	GSE3284	GSM73438	GPL97	Placebo
GSE3284-GPL97	GSE3284	GSM73447	GPL97	Placebo
GSE3284-GPL97	GSE3284	GSM73452	GPL97	Placebo
GSE3284-GPL97	GSE3284	GSM73453	GPL97	Placebo
GSE3284-GPL97	GSE3284	GSM73454	GPL97	Placebo
GSE3284-GPL97	GSE3284	GSM73466	GPL97	Placebo
GSE3284-GPL97	GSE3284	GSM73467	GPL97	Placebo
GSE3284-GPL97	GSE3284	GSM73468	GPL97	Placebo
GSE3284-GPL97	GSE3284	GSM73480	GPL97	Placebo
GSE3284-GPL97	GSE3284	GSM73481	GPL97	Placebo
GSE3284-GPL97	GSE3284	GSM73482	GPL97	Placebo
GSE3284-GPL97	GSE3284	GSM73491	GPL97	Placebo
GSE3284-GPL97	GSE3284	GSM73496	GPL97	Placebo
GSE3284-GPL97	GSE3284	GSM73497	GPL97	Placebo
GSE3284-GPL97	GSE3284	GSM73498	GPL97	Placebo
GSE3284-GPL97	GSE3284	GSM73507	GPL97	Placebo
GSE3284-GPL97	GSE3284	GSM73512	GPL97	Placebo
GSE3284-GPL97	GSE3284	GSM73513	GPL97	Placebo
GSE3284-GPL97	GSE3284	GSM73514	GPL97	Placebo
GSE3284-GPL97	GSE3284	GSM73431	GPL97	Placebo
GSE6269-GPL96	GSE6269	GSM173179	GPL96	Pneumococcus
GSE6269-GPL96	GSE6269	GSM173183	GPL96	Pneumococcus
GSE6269-GPL96	GSE6269	GSM173188	GPL96	Pneumococcus
GSE6269-GPL96	GSE6269	GSM173194	GPL96	Pneumococcus
GSE6269-GPL96	GSE6269	GSM173209	GPL96	Pneumococcus
GSE6269-GPL570	GSE6269	GSM173210	GPL570	Pneumococcus
GSE6269-GPL96	GSE6269	GSM173217	GPL96	Pneumococcus
GSE6269-GPL96	GSE6269	GSM173234	GPL96	Pneumococcus
GSE6269-GPL96	GSE6269	GSM173263	GPL96	Pneumococcus
GSE6269-GPL570	GSE6269	GSM173266	GPL570	Pneumococcus
GSE6269-GPL96	GSE6269	GSM173267	GPL96	Pneumococcus
GSE6269-GPL570	GSE6269	GSM173269	GPL570	Pneumococcus
GSE6269-GPL96	GSE6269	GSM173270	GPL96	Pneumococcus
GSE6269-GPL570	GSE6269	GSM173272	GPL570	Pneumococcus
GSE6269-GPL96	GSE6269	GSM173273	GPL96	Pneumococcus
GSE6269-GPL570	GSE6269	GSM173276	GPL570	Pneumococcus
GSE6269-GPL96	GSE6269	GSM173277	GPL96	Pneumococcus
GSE6269-GPL570	GSE6269	GSM173279	GPL570	Pneumococcus
GSE6269-GPL96	GSE6269	GSM173280	GPL96	Pneumococcus
GSE6269-GPL2507	GSE6269	GSM173294	GPL2507	Pneumococcus
GSE6269-GPL2507	GSE6269	GSM173296	GPL2507	Pneumococcus
GSE6269-GPL2507	GSE6269	GSM173304	GPL2507	Pneumococcus
GSE28750	GSE28750	GSM712508	GPL570	Post_Surgical
GSE28750	GSE28750	GSM712509	GPL570	Post_Surgical
GSE28750	GSE28750	GSM712510	GPL570	Post_Surgical
GSE28750	GSE28750	GSM712511	GPL570	Post_Surgical
GSE28750	GSE28750	GSM712512	GPL570	Post_Surgical
GSE28750	GSE28750	GSM712513	GPL570	Post_Surgical
GSE28750	GSE28750	GSM712514	GPL570	Post_Surgical
GSE28750	GSE28750	GSM712515	GPL570	Post_Surgical
GSE28750	GSE28750	GSM712516	GPL570	Post_Surgical
GSE28750	GSE28750	GSM712517	GPL570	Post_Surgical
GSE28750	GSE28750	GSM712518	GPL570	Post_Surgical
GSE6269-GPL96	GSE6269	GSM173182	GPL96	S_aureus
GSE6269-GPL96	GSE6269	GSM173184	GPL96	S_aureus
GSE6269-GPL96	GSE6269	GSM173189	GPL96	S_aureus
GSE6269-GPL96	GSE6269	GSM173193	GPL96	S_aureus
GSE6269-GPL96	GSE6269	GSM173195	GPL96	S_aureus
GSE6269-GPL96	GSE6269	GSM173196	GPL96	S_aureus
GSE6269-GPL96	GSE6269	GSM173198	GPL96	S_aureus
GSE6269-GPL96	GSE6269	GSM173204	GPL96	S_aureus
GSE6269-GPL96	GSE6269	GSM173205	GPL96	S_aureus
GSE6269-GPL96	GSE6269	GSM173230	GPL96	S_aureus
GSE6269-GPL96	GSE6269	GSM173247	GPL96	S_aureus
GSE6269-GPL96	GSE6269	GSM173249	GPL96	S_aureus
GSE6269-GPL96	GSE6269	GSM173251	GPL96	S_aureus
GSE6269-GPL96	GSE6269	GSM173254	GPL96	S_aureus
GSE6269-GPL96	GSE6269	GSM173258	GPL96	S_aureus
GSE6269-GPL96	GSE6269	GSM173259	GPL96	S_aureus
GSE6269-GPL96	GSE6269	GSM173264	GPL96	S_aureus
GSE6269-GPL96	GSE6269	GSM173275	GPL96	S_aureus
GSE6269-GPL96	GSE6269	GSM173284	GPL96	S_aureus
GSE6269-GPL570	GSE6269	GSM173286	GPL570	S_aureus
GSE6269-GPL570	GSE6269	GSM173287	GPL570	S_aureus
GSE6269-GPL570	GSE6269	GSM173288	GPL570	S_aureus
GSE6269-GPL570	GSE6269	GSM173289	GPL570	S_aureus
GSE6269-GPL2507	GSE6269	GSM173290	GPL2507	S_aureus
GSE6269-GPL2507	GSE6269	GSM173292	GPL2507	S_aureus
GSE6269-GPL2507	GSE6269	GSM173293	GPL2507	S_aureus
GSE6269-GPL2507	GSE6269	GSM173298	GPL2507	S_aureus
GSE6269-GPL2507	GSE6269	GSM173300	GPL2507	S_aureus
GSE6269-GPL2507	GSE6269	GSM173303	GPL2507	S_aureus
GSE6269-GPL2507	GSE6269	GSM173307	GPL2507	S_aureus
GSE6269-GPL96	GSE6269	GSM173178	GPL96	S_aureus
GSE6269-GPL96	GSE6269	GSM173187	GPL96	S_aureus
GSE6269-GPL96	GSE6269	GSM173197	GPL96	S_aureus
GSE6269-GPL96	GSE6269	GSM173201	GPL96	S_aureus
GSE6269-GPL96	GSE6269	GSM173206	GPL96	S_aureus
GSE6269-GPL96	GSE6269	GSM173239	GPL96	S_aureus
GSE6269-GPL96	GSE6269	GSM173248	GPL96	S_aureus
GSE6269-GPL96	GSE6269	GSM173253	GPL96	S_aureus
GSE6269-GPL96	GSE6269	GSM173256	GPL96	S_aureus
GSE6269-GPL96	GSE6269	GSM173260	GPL96	S_aureus
GSE6269-GPL96	GSE6269	GSM173265	GPL96	S_aureus
GSE6269-GPL96	GSE6269	GSM173271	GPL96	S_aureus
GSE6269-GPL570	GSE6269	GSM173281	GPL570	S_aureus
GSE6269-GPL570	GSE6269	GSM173282	GPL570	S_aureus
GSE6269-GPL2507	GSE6269	GSM173291	GPL2507	S_aureus
GSE6269-GPL2507	GSE6269	GSM173295	GPL2507	S_aureus
GSE6269-GPL2507	GSE6269	GSM173297	GPL2507	S_aureus
GSE6269-GPL2507	GSE6269	GSM173299	GPL2507	S_aureus
GSE6269-GPL2507	GSE6269	GSM173311	GPL2507	S_aureus
GSE6269-GPL2507	GSE6269	GSM173313	GPL2507	S_aureus
GSE33341-GPL571	GSE33341	GSM824721	GPL571	S_aureus
GSE33341-GPL571	GSE33341	GSM824722	GPL571	S_aureus
GSE33341-GPL571	GSE33341	GSM824723	GPL571	S_aureus
GSE33341-GPL571	GSE33341	GSM824724	GPL571	S_aureus
GSE33341-GPL571	GSE33341	GSM824725	GPL571	S_aureus
GSE33341-GPL571	GSE33341	GSM824726	GPL571	S_aureus
GSE33341-GPL571	GSE33341	GSM824727	GPL571	S_aureus
GSE33341-GPL571	GSE33341	GSM824728	GPL571	S_aureus
GSE33341-GPL571	GSE33341	GSM824729	GPL571	S_aureus
GSE33341-GPL571	GSE33341	GSM824730	GPL571	S_aureus
GSE33341-GPL571	GSE33341	GSM824731	GPL571	S_aureus
GSE33341-GPL571	GSE33341	GSM824732	GPL571	S_aureus
GSE33341-GPL571	GSE33341	GSM824733	GPL571	S_aureus
GSE33341-GPL571	GSE33341	GSM824734	GPL571	S_aureus
GSE33341-GPL571	GSE33341	GSM824735	GPL571	S_aureus
GSE33341-GPL571	GSE33341	GSM824736	GPL571	S_aureus
GSE33341-GPL571	GSE33341	GSM824737	GPL571	S_aureus
GSE33341-GPL571	GSE33341	GSM824738	GPL571	S_aureus
GSE33341-GPL571	GSE33341	GSM824739	GPL571	S_aureus
GSE33341-GPL571	GSE33341	GSM824740	GPL571	S_aureus
GSE33341-GPL571	GSE33341	GSM824741	GPL571	S_aureus
GSE33341-GPL571	GSE33341	GSM824742	GPL571	S_aureus
GSE33341-GPL571	GSE33341	GSM824743	GPL571	S_aureus
GSE33341-GPL571	GSE33341	GSM824744	GPL571	S_aureus
GSE33341-GPL571	GSE33341	GSM824745	GPL571	S_aureus
GSE33341-GPL571	GSE33341	GSM824746	GPL571	S_aureus
GSE33341-GPL571	GSE33341	GSM932374	GPL571	S_aureus
GSE33341-GPL571	GSE33341	GSM932375	GPL571	S_aureus
GSE33341-GPL571	GSE33341	GSM932376	GPL571	S_aureus
GSE33341-GPL571	GSE33341	GSM932377	GPL571	S_aureus
GSE33341-GPL571	GSE33341	GSM932378	GPL571	S_aureus
GSE33341-GPL571	GSE33341	GSM932379	GPL571	S_aureus
GSE3026	GSE3026	GSM66672	GPL8300	Saline
GSE3026	GSE3026	GSM66677	GPL8300	Saline
GSE3026	GSE3026	GSM66681	GPL8300	Saline
GSE3026	GSE3026	GSM66686	GPL8300	Saline
GSE3026	GSE3026	GSM66673	GPL8300	Saline
GSE3026	GSE3026	GSM66678	GPL8300	Saline
GSE3026	GSE3026	GSM66682	GPL8300	Saline
GSE3026	GSE3026	GSM66687	GPL8300	Saline
GSE3026	GSE3026	GSM66674	GPL8300	Saline
GSE3026	GSE3026	GSM66679	GPL8300	Saline
GSE3026	GSE3026	GSM66683	GPL8300	Saline
GSE3026	GSE3026	GSM66688	GPL8300	Saline
GSE3026	GSE3026	GSM66675	GPL8300	Saline
GSE3026	GSE3026	GSM66684	GPL8300	Saline
GSE3026	GSE3026	GSM66689	GPL8300	Saline
GSE5663-GPL80	GSE5663	GSM132286	GPL80	Sepsis
GSE5663-GPL80	GSE5663	GSM132289	GPL80	Sepsis
GSE5663-GPL80	GSE5663	GSM132293	GPL80	Sepsis
GSE5663-GPL80	GSE5663	GSM132294	GPL80	Sepsis
GSE5663-GPL80	GSE5663	GSM132295	GPL80	Sepsis
GSE5663-GPL80	GSE5663	GSM132296	GPL80	Sepsis
GSE5663-GPL80	GSE5663	GSM132297	GPL80	Sepsis
GSE32707	GSE32707	GSM812609	GPL10558	Sepsis
GSE32707	GSE32707	GSM812610	GPL10558	Sepsis
GSE32707	GSE32707	GSM812614	GPL10558	Sepsis
GSE32707	GSE32707	GSM812622	GPL10558	Sepsis
GSE32707	GSE32707	GSM812623	GPL10558	Sepsis
GSE32707	GSE32707	GSM812629	GPL10558	Sepsis
GSE32707	GSE32707	GSM812630	GPL10558	Sepsis
GSE32707	GSE32707	GSM812633	GPL10558	Sepsis
GSE32707	GSE32707	GSM812634	GPL10558	Sepsis
GSE32707	GSE32707	GSM812635	GPL10558	Sepsis
GSE32707	GSE32707	GSM812638	GPL10558	Sepsis
GSE32707	GSE32707	GSM812639	GPL10558	Sepsis
GSE32707	GSE32707	GSM812642	GPL10558	Sepsis
GSE32707	GSE32707	GSM812643	GPL10558	Sepsis
GSE32707	GSE32707	GSM812645	GPL10558	Sepsis
GSE32707	GSE32707	GSM812646	GPL10558	Sepsis
GSE32707	GSE32707	GSM812649	GPL10558	Sepsis
GSE32707	GSE32707	GSM812650	GPL10558	Sepsis
GSE32707	GSE32707	GSM812651	GPL10558	Sepsis
GSE32707	GSE32707	GSM812652	GPL10558	Sepsis
GSE32707	GSE32707	GSM812653	GPL10558	Sepsis
GSE32707	GSE32707	GSM812654	GPL10558	Sepsis
GSE32707	GSE32707	GSM812660	GPL10558	Sepsis
GSE32707	GSE32707	GSM812661	GPL10558	Sepsis
GSE32707	GSE32707	GSM812662	GPL10558	Sepsis
GSE32707	GSE32707	GSM812663	GPL10558	Sepsis
GSE32707	GSE32707	GSM812664	GPL10558	Sepsis
GSE32707	GSE32707	GSM812665	GPL10558	Sepsis
GSE32707	GSE32707	GSM812671	GPL10558	Sepsis
GSE32707	GSE32707	GSM812672	GPL10558	Sepsis
GSE32707	GSE32707	GSM812674	GPL10558	Sepsis
GSE32707	GSE32707	GSM812675	GPL10558	Sepsis
GSE32707	GSE32707	GSM812681	GPL10558	Sepsis
GSE32707	GSE32707	GSM812682	GPL10558	Sepsis
GSE32707	GSE32707	GSM812691	GPL10558	Sepsis
GSE32707	GSE32707	GSM812692	GPL10558	Sepsis
GSE32707	GSE32707	GSM812696	GPL10558	Sepsis
GSE32707	GSE32707	GSM812697	GPL10558	Sepsis
GSE32707	GSE32707	GSM812700	GPL10558	Sepsis
GSE32707	GSE32707	GSM812701	GPL10558	Sepsis
GSE32707	GSE32707	GSM812703	GPL10558	Sepsis
GSE32707	GSE32707	GSM812704	GPL10558	Sepsis
GSE32707	GSE32707	GSM812710	GPL10558	Sepsis
GSE32707	GSE32707	GSM812711	GPL10558	Sepsis
GSE32707	GSE32707	GSM812712	GPL10558	Sepsis
GSE32707	GSE32707	GSM812713	GPL10558	Sepsis
GSE32707	GSE32707	GSM812714	GPL10558	Sepsis
GSE32707	GSE32707	GSM812715	GPL10558	Sepsis
GSE32707	GSE32707	GSM812716	GPL10558	Sepsis
GSE32707	GSE32707	GSM812717	GPL10558	Sepsis
GSE32707	GSE32707	GSM812718	GPL10558	Sepsis
GSE32707	GSE32707	GSM812719	GPL10558	Sepsis
GSE32707	GSE32707	GSM812724	GPL10558	Sepsis
GSE32707	GSE32707	GSM812725	GPL10558	Sepsis
GSE32707	GSE32707	GSM812726	GPL10558	Sepsis
GSE32707	GSE32707	GSM812727	GPL10558	Sepsis
GSE32707	GSE32707	GSM812729	GPL10558	Sepsis
GSE32707	GSE32707	GSM812730	GPL10558	Sepsis
GSE10474	GSE10474	GSM265004	GPL571  	Sepsis
GSE10474	GSE10474	GSM265006	GPL571  	Sepsis
GSE10474	GSE10474	GSM265008	GPL571  	Sepsis
GSE10474	GSE10474	GSM265009	GPL571  	Sepsis
GSE10474	GSE10474	GSM265011	GPL571  	Sepsis
GSE10474	GSE10474	GSM265014	GPL571  	Sepsis
GSE10474	GSE10474	GSM265016	GPL571  	Sepsis
GSE10474	GSE10474	GSM265018	GPL571  	Sepsis
GSE10474	GSE10474	GSM265019	GPL571  	Sepsis
GSE10474	GSE10474	GSM265021	GPL571  	Sepsis
GSE10474	GSE10474	GSM265022	GPL571  	Sepsis
GSE10474	GSE10474	GSM265023	GPL571  	Sepsis
GSE10474	GSE10474	GSM265024	GPL571  	Sepsis
GSE10474	GSE10474	GSM265026	GPL571  	Sepsis
GSE10474	GSE10474	GSM265027	GPL571  	Sepsis
GSE10474	GSE10474	GSM265028	GPL571  	Sepsis
GSE10474	GSE10474	GSM265029	GPL571  	Sepsis
GSE10474	GSE10474	GSM265030	GPL571  	Sepsis
GSE10474	GSE10474	GSM265031	GPL571  	Sepsis
GSE10474	GSE10474	GSM265032	GPL571  	Sepsis
GSE10474	GSE10474	GSM265033	GPL571  	Sepsis
GSE28750	GSE28750	GSM712478	GPL570	Sepsis
GSE28750	GSE28750	GSM712479	GPL570	Sepsis
GSE28750	GSE28750	GSM712480	GPL570	Sepsis
GSE28750	GSE28750	GSM712481	GPL570	Sepsis
GSE28750	GSE28750	GSM712482	GPL570	Sepsis
GSE28750	GSE28750	GSM712483	GPL570	Sepsis
GSE28750	GSE28750	GSM712484	GPL570	Sepsis
GSE28750	GSE28750	GSM712485	GPL570	Sepsis
GSE28750	GSE28750	GSM712486	GPL570	Sepsis
GSE28750	GSE28750	GSM712487	GPL570	Sepsis
GSE5772	GSE5772	GSM135019	GPL4274	Sepsis
GSE5772	GSE5772	GSM135020	GPL4274	Sepsis
GSE5772	GSE5772	GSM135021	GPL4274	Sepsis
GSE5772	GSE5772	GSM135022	GPL4274	Sepsis
GSE5772	GSE5772	GSM135023	GPL4274	Sepsis
GSE5772	GSE5772	GSM135024	GPL4274	Sepsis
GSE5772	GSE5772	GSM135025	GPL4274	Sepsis
GSE5772	GSE5772	GSM135026	GPL4274	Sepsis
GSE5772	GSE5772	GSM135029	GPL4274	Sepsis
GSE5772	GSE5772	GSM135031	GPL4274	Sepsis
GSE5772	GSE5772	GSM135033	GPL4274	Sepsis
GSE5772	GSE5772	GSM135042	GPL4274	Sepsis
GSE5772	GSE5772	GSM135045	GPL4274	Sepsis
GSE5772	GSE5772	GSM135051	GPL4274	Sepsis
GSE5772	GSE5772	GSM135057	GPL4274	Sepsis
GSE5772	GSE5772	GSM135060	GPL4274	Sepsis
GSE5772	GSE5772	GSM135068	GPL4274	Sepsis
GSE5772	GSE5772	GSM135071	GPL4274	Sepsis
GSE5772	GSE5772	GSM135072	GPL4274	Sepsis
GSE5772	GSE5772	GSM135078	GPL4274	Sepsis
GSE5772	GSE5772	GSM135159	GPL4274	Sepsis
GSE5772	GSE5772	GSM135163	GPL4274	Sepsis
GSE5772	GSE5772	GSM135166	GPL4274	Sepsis
GSE5772	GSE5772	GSM135168	GPL4274	Sepsis
GSE5772	GSE5772	GSM135220	GPL4274	Sepsis
GSE5772	GSE5772	GSM135223	GPL4274	Sepsis
GSE5772	GSE5772	GSM135224	GPL4274	Sepsis
GSE5772	GSE5772	GSM135228	GPL4274	Sepsis
GSE5772	GSE5772	GSM135262	GPL4274	Sepsis
GSE5772	GSE5772	GSM135263	GPL4274	Sepsis
GSE5772	GSE5772	GSM135279	GPL4274	Sepsis
GSE5772	GSE5772	GSM135655	GPL4274	Sepsis
GSE5772	GSE5772	GSM135656	GPL4274	Sepsis
GSE5772	GSE5772	GSM135658	GPL4274	Sepsis
GSE5772	GSE5772	GSM135660	GPL4274	Sepsis
GSE5772	GSE5772	GSM135661	GPL4274	Sepsis
GSE5772	GSE5772	GSM135662	GPL4274	Sepsis
GSE5772	GSE5772	GSM135663	GPL4274	Sepsis
GSE5772	GSE5772	GSM135664	GPL4274	Sepsis
GSE5772	GSE5772	GSM135665	GPL4274	Sepsis
GSE5772	GSE5772	GSM135666	GPL4274	Sepsis
GSE5772	GSE5772	GSM135667	GPL4274	Sepsis
GSE5772	GSE5772	GSM135668	GPL4274	Sepsis
GSE5772	GSE5772	GSM135669	GPL4274	Sepsis
GSE5772	GSE5772	GSM135670	GPL4274	Sepsis
GSE5772	GSE5772	GSM135671	GPL4274	Sepsis
GSE5772	GSE5772	GSM135672	GPL4274	Sepsis
GSE5772	GSE5772	GSM135673	GPL4274	Sepsis
GSE5772	GSE5772	GSM135675	GPL4274	Sepsis
GSE5772	GSE5772	GSM135676	GPL4274	Sepsis
GSE5772	GSE5772	GSM135677	GPL4274	Sepsis
GSE5772	GSE5772	GSM135679	GPL4274	Sepsis
GSE5772	GSE5772	GSM135680	GPL4274	Sepsis
GSE5772	GSE5772	GSM135681	GPL4274	Sepsis
GSE5772	GSE5772	GSM135682	GPL4274	Sepsis
GSE5772	GSE5772	GSM135684	GPL4274	Sepsis
GSE5772	GSE5772	GSM135687	GPL4274	Sepsis
GSE5772	GSE5772	GSM135688	GPL4274	Sepsis
GSE5772	GSE5772	GSM135689	GPL4274	Sepsis
GSE5772	GSE5772	GSM135690	GPL4274	Sepsis
GSE5772	GSE5772	GSM135692	GPL4274	Sepsis
GSE5772	GSE5772	GSM135693	GPL4274	Sepsis
GSE5772	GSE5772	GSM135694	GPL4274	Sepsis
GSE5772	GSE5772	GSM135695	GPL4274	Sepsis
GSE5772	GSE5772	GSM135696	GPL4274	Sepsis
GSE5772	GSE5772	GSM135697	GPL4274	Sepsis
GSE5772	GSE5772	GSM135698	GPL4274	Sepsis
GSE5772	GSE5772	GSM135700	GPL4274	Sepsis
GSE5772	GSE5772	GSM135702	GPL4274	Sepsis
GSE5772	GSE5772	GSM135703	GPL4274	Sepsis
GSE5772	GSE5772	GSM135704	GPL4274	Sepsis
GSE6535	GSE6535	GSM151386	GPL4274	Sepsis
GSE6535	GSE6535	GSM151387	GPL4274	Sepsis
GSE6535	GSE6535	GSM151388	GPL4274	Sepsis
GSE6535	GSE6535	GSM151389	GPL4274	Sepsis
GSE6535	GSE6535	GSM151390	GPL4274	Sepsis
GSE6535	GSE6535	GSM151391	GPL4274	Sepsis
GSE6535	GSE6535	GSM151392	GPL4274	Sepsis
GSE6535	GSE6535	GSM151393	GPL4274	Sepsis
GSE6535	GSE6535	GSM151394	GPL4274	Sepsis
GSE6535	GSE6535	GSM151395	GPL4274	Sepsis
GSE6535	GSE6535	GSM151396	GPL4274	Sepsis
GSE6535	GSE6535	GSM151397	GPL4274	Sepsis
GSE6535	GSE6535	GSM151398	GPL4274	Sepsis
GSE6535	GSE6535	GSM151399	GPL4274	Sepsis
GSE6535	GSE6535	GSM151400	GPL4274	Sepsis
GSE6535	GSE6535	GSM151401	GPL4274	Sepsis
GSE6535	GSE6535	GSM151402	GPL4274	Sepsis
GSE6535	GSE6535	GSM151403	GPL4274	Sepsis
GSE6535	GSE6535	GSM151404	GPL4274	Sepsis
GSE6535	GSE6535	GSM151405	GPL4274	Sepsis
GSE6535	GSE6535	GSM151406	GPL4274	Sepsis
GSE6535	GSE6535	GSM151407	GPL4274	Sepsis
GSE6535	GSE6535	GSM151408	GPL4274	Sepsis
GSE6535	GSE6535	GSM151409	GPL4274	Sepsis
GSE6535	GSE6535	GSM151410	GPL4274	Sepsis
GSE6535	GSE6535	GSM151411	GPL4274	Sepsis
GSE6535	GSE6535	GSM151412	GPL4274	Sepsis
GSE6535	GSE6535	GSM151413	GPL4274	Sepsis
GSE6535	GSE6535	GSM151414	GPL4274	Sepsis
GSE6535	GSE6535	GSM151415	GPL4274	Sepsis
GSE6535	GSE6535	GSM151416	GPL4274	Sepsis
GSE6535	GSE6535	GSM151417	GPL4274	Sepsis
GSE6535	GSE6535	GSM151418	GPL4274	Sepsis
GSE6535	GSE6535	GSM151419	GPL4274	Sepsis
GSE6535	GSE6535	GSM151420	GPL4274	Sepsis
GSE6535	GSE6535	GSM151421	GPL4274	Sepsis
GSE6535	GSE6535	GSM151422	GPL4274	Sepsis
GSE6535	GSE6535	GSM151423	GPL4274	Sepsis
GSE6535	GSE6535	GSM151424	GPL4274	Sepsis
GSE6535	GSE6535	GSM151425	GPL4274	Sepsis
GSE6535	GSE6535	GSM151426	GPL4274	Sepsis
GSE6535	GSE6535	GSM151427	GPL4274	Sepsis
GSE6535	GSE6535	GSM151428	GPL4274	Sepsis
GSE6535	GSE6535	GSM151429	GPL4274	Sepsis
GSE6535	GSE6535	GSM151430	GPL4274	Sepsis
GSE6535	GSE6535	GSM151431	GPL4274	Sepsis
GSE6535	GSE6535	GSM151432	GPL4274	Sepsis
GSE6535	GSE6535	GSM151433	GPL4274	Sepsis
GSE6535	GSE6535	GSM151434	GPL4274	Sepsis
GSE6535	GSE6535	GSM151435	GPL4274	Sepsis
GSE6535	GSE6535	GSM151436	GPL4274	Sepsis
GSE6535	GSE6535	GSM151437	GPL4274	Sepsis
GSE6535	GSE6535	GSM151438	GPL4274	Sepsis
GSE6535	GSE6535	GSM151439	GPL4274	Sepsis
GSE6535	GSE6535	GSM151440	GPL4274	Sepsis
GSE9960	GSE9960	GSM251944	GPL570	Sepsis
GSE9960	GSE9960	GSM251986	GPL570	Sepsis
GSE9960	GSE9960	GSM251991	GPL570	Sepsis
GSE9960	GSE9960	GSM251992	GPL570	Sepsis
GSE9960	GSE9960	GSM251998	GPL570	Sepsis
GSE9960	GSE9960	GSM251999	GPL570	Sepsis
GSE9960	GSE9960	GSM252002	GPL570	Sepsis
GSE9960	GSE9960	GSM252006	GPL570	Sepsis
GSE9960	GSE9960	GSM251949	GPL570	Sepsis
GSE13904	GSE13904	GSM350208	GPL570	Sepsis
GSE13904	GSE13904	GSM350209	GPL570	Sepsis
GSE13904	GSE13904	GSM350210	GPL570	Sepsis
GSE13904	GSE13904	GSM350211	GPL570	Sepsis
GSE13904	GSE13904	GSM350212	GPL570	Sepsis
GSE13904	GSE13904	GSM350213	GPL570	Sepsis
GSE13904	GSE13904	GSM350214	GPL570	Sepsis
GSE13904	GSE13904	GSM350215	GPL570	Sepsis
GSE13904	GSE13904	GSM350216	GPL570	Sepsis
GSE13904	GSE13904	GSM350217	GPL570	Sepsis
GSE13904	GSE13904	GSM350218	GPL570	Sepsis
GSE13904	GSE13904	GSM350219	GPL570	Sepsis
GSE13904	GSE13904	GSM350220	GPL570	Sepsis
GSE13904	GSE13904	GSM350221	GPL570	Sepsis
GSE13904	GSE13904	GSM350222	GPL570	Sepsis
GSE13904	GSE13904	GSM350223	GPL570	Sepsis
GSE13904	GSE13904	GSM350224	GPL570	Sepsis
GSE13904	GSE13904	GSM350225	GPL570	Sepsis
GSE13904	GSE13904	GSM350226	GPL570	Sepsis
GSE13904	GSE13904	GSM350227	GPL570	Sepsis
GSE13904	GSE13904	GSM350228	GPL570	Sepsis
GSE13904	GSE13904	GSM350229	GPL570	Sepsis
GSE13904	GSE13904	GSM350230	GPL570	Sepsis
GSE13904	GSE13904	GSM350231	GPL570	Sepsis
GSE13904	GSE13904	GSM350232	GPL570	Sepsis
GSE13904	GSE13904	GSM350233	GPL570	Sepsis
GSE13904	GSE13904	GSM350234	GPL570	Sepsis
GSE13904	GSE13904	GSM350235	GPL570	Sepsis
GSE13904	GSE13904	GSM350236	GPL570	Sepsis
GSE13904	GSE13904	GSM350237	GPL570	Sepsis
GSE13904	GSE13904	GSM350238	GPL570	Sepsis
GSE13904	GSE13904	GSM350239	GPL570	Sepsis
GSE13904	GSE13904	GSM350240	GPL570	Sepsis
GSE13904	GSE13904	GSM350241	GPL570	Sepsis
GSE13904	GSE13904	GSM350242	GPL570	Sepsis
GSE13904	GSE13904	GSM350243	GPL570	Sepsis
GSE13904	GSE13904	GSM350244	GPL570	Sepsis
GSE13904	GSE13904	GSM350245	GPL570	Sepsis
GSE13904	GSE13904	GSM350246	GPL570	Sepsis
GSE13904	GSE13904	GSM350247	GPL570	Sepsis
GSE13904	GSE13904	GSM350248	GPL570	Sepsis
GSE13904	GSE13904	GSM350249	GPL570	Sepsis
GSE13904	GSE13904	GSM350250	GPL570	Sepsis
GSE13904	GSE13904	GSM350251	GPL570	Sepsis
GSE13904	GSE13904	GSM350252	GPL570	Sepsis
GSE13904	GSE13904	GSM350253	GPL570	Sepsis
GSE13904	GSE13904	GSM350254	GPL570	Sepsis
GSE13904	GSE13904	GSM350255	GPL570	Sepsis
GSE13904	GSE13904	GSM350256	GPL570	Sepsis
GSE13904	GSE13904	GSM350257	GPL570	Sepsis
GSE13904	GSE13904	GSM350258	GPL570	Sepsis
GSE13904	GSE13904	GSM350259	GPL570	Sepsis
GSE9960	GSE9960	GSM251897	GPL570	Sepsis_Gramneg
GSE9960	GSE9960	GSM251898	GPL570	Sepsis_Gramneg
GSE9960	GSE9960	GSM251899	GPL570	Sepsis_Gramneg
GSE9960	GSE9960	GSM251900	GPL570	Sepsis_Gramneg
GSE9960	GSE9960	GSM251901	GPL570	Sepsis_Gramneg
GSE9960	GSE9960	GSM251902	GPL570	Sepsis_Gramneg
GSE9960	GSE9960	GSM251903	GPL570	Sepsis_Gramneg
GSE9960	GSE9960	GSM251904	GPL570	Sepsis_Gramneg
GSE9960	GSE9960	GSM251905	GPL570	Sepsis_Gramneg
GSE9960	GSE9960	GSM251982	GPL570	Sepsis_Gramneg
GSE9960	GSE9960	GSM251985	GPL570	Sepsis_Gramneg
GSE9960	GSE9960	GSM251987	GPL570	Sepsis_Gramneg
GSE9960	GSE9960	GSM251989	GPL570	Sepsis_Gramneg
GSE9960	GSE9960	GSM251990	GPL570	Sepsis_Gramneg
GSE9960	GSE9960	GSM251993	GPL570	Sepsis_Gramneg
GSE9960	GSE9960	GSM252000	GPL570	Sepsis_Gramneg
GSE9960	GSE9960	GSM252005	GPL570	Sepsis_Gramneg
GSE9960	GSE9960	GSM251951	GPL570	Sepsis_Gramneg
GSE9960	GSE9960	GSM251887	GPL570	Sepsis_Grampos
GSE9960	GSE9960	GSM251888	GPL570	Sepsis_Grampos
GSE9960	GSE9960	GSM251889	GPL570	Sepsis_Grampos
GSE9960	GSE9960	GSM251890	GPL570	Sepsis_Grampos
GSE9960	GSE9960	GSM251891	GPL570	Sepsis_Grampos
GSE9960	GSE9960	GSM251892	GPL570	Sepsis_Grampos
GSE9960	GSE9960	GSM251893	GPL570	Sepsis_Grampos
GSE9960	GSE9960	GSM251894	GPL570	Sepsis_Grampos
GSE9960	GSE9960	GSM251895	GPL570	Sepsis_Grampos
GSE9960	GSE9960	GSM251896	GPL570	Sepsis_Grampos
GSE9960	GSE9960	GSM251988	GPL570	Sepsis_Grampos
GSE9960	GSE9960	GSM251996	GPL570	Sepsis_Grampos
GSE9960	GSE9960	GSM252001	GPL570	Sepsis_Grampos
GSE9960	GSE9960	GSM252003	GPL570	Sepsis_Grampos
GSE9960	GSE9960	GSM252004	GPL570	Sepsis_Grampos
GSE9960	GSE9960	GSM251947	GPL570	Sepsis_Grampos
GSE9960	GSE9960	GSM251948	GPL570	Sepsis_Grampos
GSE13015-GPL6106	GSE13015	GSM326163	GPL6106	Sepsis_Melioidosis
GSE13015-GPL6106	GSE13015	GSM326164	GPL6106	Sepsis_Melioidosis
GSE13015-GPL6106	GSE13015	GSM326166	GPL6106	Sepsis_Melioidosis
GSE13015-GPL6106	GSE13015	GSM326172	GPL6106	Sepsis_Melioidosis
GSE13015-GPL6106	GSE13015	GSM326173	GPL6106	Sepsis_Melioidosis
GSE13015-GPL6106	GSE13015	GSM326177	GPL6106	Sepsis_Melioidosis
GSE13015-GPL6106	GSE13015	GSM326179	GPL6106	Sepsis_Melioidosis
GSE13015-GPL6106	GSE13015	GSM326180	GPL6106	Sepsis_Melioidosis
GSE13015-GPL6106	GSE13015	GSM326184	GPL6106	Sepsis_Melioidosis
GSE13015-GPL6106	GSE13015	GSM326191	GPL6106	Sepsis_Melioidosis
GSE13015-GPL6106	GSE13015	GSM326192	GPL6106	Sepsis_Melioidosis
GSE13015-GPL6106	GSE13015	GSM326090	GPL6106	Sepsis_Melioidosis
GSE13015-GPL6106	GSE13015	GSM326091	GPL6106	Sepsis_Melioidosis
GSE13015-GPL6106	GSE13015	GSM326097	GPL6106	Sepsis_Melioidosis
GSE13015-GPL6106	GSE13015	GSM326110	GPL6106	Sepsis_Melioidosis
GSE13015-GPL6106	GSE13015	GSM326101	GPL6106	Sepsis_Melioidosis
GSE13015-GPL6106	GSE13015	GSM326102	GPL6106	Sepsis_Melioidosis
GSE13015-GPL6106	GSE13015	GSM326105	GPL6106	Sepsis_Melioidosis
GSE13015-GPL6106	GSE13015	GSM326106	GPL6106	Sepsis_Melioidosis
GSE13015-GPL6106	GSE13015	GSM326114	GPL6106	Sepsis_Melioidosis
GSE13015-GPL6106	GSE13015	GSM326115	GPL6106	Sepsis_Melioidosis
GSE13015-GPL6106	GSE13015	GSM326120	GPL6106	Sepsis_Melioidosis
GSE13015-GPL6106	GSE13015	GSM326121	GPL6106	Sepsis_Melioidosis
GSE13015-GPL6106	GSE13015	GSM326122	GPL6106	Sepsis_Melioidosis
GSE13015-GPL6947	GSE13015	GSM365204	GPL6947	Sepsis_Melioidosis
GSE13015-GPL6947	GSE13015	GSM365205	GPL6947	Sepsis_Melioidosis
GSE13015-GPL6947	GSE13015	GSM365206	GPL6947	Sepsis_Melioidosis
GSE13015-GPL6947	GSE13015	GSM365207	GPL6947	Sepsis_Melioidosis
GSE13015-GPL6947	GSE13015	GSM365208	GPL6947	Sepsis_Melioidosis
GSE13015-GPL6947	GSE13015	GSM365209	GPL6947	Sepsis_Melioidosis
GSE13015-GPL6947	GSE13015	GSM365210	GPL6947	Sepsis_Melioidosis
GSE13015-GPL6947	GSE13015	GSM365211	GPL6947	Sepsis_Melioidosis
GSE13015-GPL6947	GSE13015	GSM365238	GPL6947	Sepsis_Melioidosis
GSE13015-GPL6947	GSE13015	GSM365239	GPL6947	Sepsis_Melioidosis
GSE13015-GPL6947	GSE13015	GSM365240	GPL6947	Sepsis_Melioidosis
GSE13015-GPL6947	GSE13015	GSM365230	GPL6947	Sepsis_Melioidosis
GSE13015-GPL6947	GSE13015	GSM365231	GPL6947	Sepsis_Melioidosis
GSE13015-GPL6947	GSE13015	GSM365232	GPL6947	Sepsis_Melioidosis
GSE13015-GPL6947	GSE13015	GSM365233	GPL6947	Sepsis_Melioidosis
GSE13015-GPL6947	GSE13015	GSM365234	GPL6947	Sepsis_Melioidosis
GSE9960	GSE9960	GSM251928	GPL570	Sepsis_Mixed
GSE9960	GSE9960	GSM251929	GPL570	Sepsis_Mixed
GSE9960	GSE9960	GSM251930	GPL570	Sepsis_Mixed
GSE9960	GSE9960	GSM251931	GPL570	Sepsis_Mixed
GSE9960	GSE9960	GSM251932	GPL570	Sepsis_Mixed
GSE9960	GSE9960	GSM251933	GPL570	Sepsis_Mixed
GSE9960	GSE9960	GSM251953	GPL570	Sepsis_Mixed
GSE9960	GSE9960	GSM251983	GPL570	Sepsis_Mixed
GSE9960	GSE9960	GSM251984	GPL570	Sepsis_Mixed
GSE9960	GSE9960	GSM251995	GPL570	Sepsis_Mixed
GSE13015-GPL6106	GSE13015	GSM326162	GPL6106	Sepsis_Other
GSE13015-GPL6106	GSE13015	GSM326168	GPL6106	Sepsis_Other
GSE13015-GPL6106	GSE13015	GSM326170	GPL6106	Sepsis_Other
GSE13015-GPL6106	GSE13015	GSM326171	GPL6106	Sepsis_Other
GSE13015-GPL6106	GSE13015	GSM326176	GPL6106	Sepsis_Other
GSE13015-GPL6106	GSE13015	GSM326178	GPL6106	Sepsis_Other
GSE13015-GPL6106	GSE13015	GSM326181	GPL6106	Sepsis_Other
GSE13015-GPL6106	GSE13015	GSM326182	GPL6106	Sepsis_Other
GSE13015-GPL6106	GSE13015	GSM326185	GPL6106	Sepsis_Other
GSE13015-GPL6106	GSE13015	GSM326186	GPL6106	Sepsis_Other
GSE13015-GPL6106	GSE13015	GSM326193	GPL6106	Sepsis_Other
GSE13015-GPL6106	GSE13015	GSM326194	GPL6106	Sepsis_Other
GSE13015-GPL6106	GSE13015	GSM326092	GPL6106	Sepsis_Other
GSE13015-GPL6106	GSE13015	GSM326093	GPL6106	Sepsis_Other
GSE13015-GPL6106	GSE13015	GSM326111	GPL6106	Sepsis_Other
GSE13015-GPL6106	GSE13015	GSM326098	GPL6106	Sepsis_Other
GSE13015-GPL6106	GSE13015	GSM326103	GPL6106	Sepsis_Other
GSE13015-GPL6106	GSE13015	GSM326104	GPL6106	Sepsis_Other
GSE13015-GPL6106	GSE13015	GSM326107	GPL6106	Sepsis_Other
GSE13015-GPL6106	GSE13015	GSM326108	GPL6106	Sepsis_Other
GSE13015-GPL6106	GSE13015	GSM326116	GPL6106	Sepsis_Other
GSE13015-GPL6106	GSE13015	GSM326117	GPL6106	Sepsis_Other
GSE13015-GPL6106	GSE13015	GSM326118	GPL6106	Sepsis_Other
GSE13015-GPL6947	GSE13015	GSM365197	GPL6947	Sepsis_Other
GSE13015-GPL6947	GSE13015	GSM365198	GPL6947	Sepsis_Other
GSE13015-GPL6947	GSE13015	GSM365199	GPL6947	Sepsis_Other
GSE13015-GPL6947	GSE13015	GSM365200	GPL6947	Sepsis_Other
GSE13015-GPL6947	GSE13015	GSM365201	GPL6947	Sepsis_Other
GSE13015-GPL6947	GSE13015	GSM365202	GPL6947	Sepsis_Other
GSE13015-GPL6947	GSE13015	GSM365203	GPL6947	Sepsis_Other
GSE13015-GPL6947	GSE13015	GSM365241	GPL6947	Sepsis_Other
GSE13015-GPL6947	GSE13015	GSM365242	GPL6947	Sepsis_Other
GSE13015-GPL6947	GSE13015	GSM365235	GPL6947	Sepsis_Other
GSE13015-GPL6947	GSE13015	GSM365236	GPL6947	Sepsis_Other
GSE13015-GPL6947	GSE13015	GSM365237	GPL6947	Sepsis_Other
GSE13015-GPL6947	GSE13015	GSM365229	GPL6947	Sepsis_Other
GSE13015-GPL6106	GSE13015	GSM326161	GPL6106	Sepsis_Other
GSE9692	GSE9692	GSM244467	GPL570	Septic_Shock
GSE9692	GSE9692	GSM244468	GPL570	Septic_Shock
GSE9692	GSE9692	GSM244469	GPL570	Septic_Shock
GSE9692	GSE9692	GSM244470	GPL570	Septic_Shock
GSE9692	GSE9692	GSM244471	GPL570	Septic_Shock
GSE9692	GSE9692	GSM244472	GPL570	Septic_Shock
GSE9692	GSE9692	GSM244473	GPL570	Septic_Shock
GSE9692	GSE9692	GSM244474	GPL570	Septic_Shock
GSE9692	GSE9692	GSM244475	GPL570	Septic_Shock
GSE9692	GSE9692	GSM244476	GPL570	Septic_Shock
GSE9692	GSE9692	GSM244477	GPL570	Septic_Shock
GSE9692	GSE9692	GSM244478	GPL570	Septic_Shock
GSE9692	GSE9692	GSM244479	GPL570	Septic_Shock
GSE9692	GSE9692	GSM244480	GPL570	Septic_Shock
GSE9692	GSE9692	GSM244481	GPL570	Septic_Shock
GSE9692	GSE9692	GSM244482	GPL570	Septic_Shock
GSE9692	GSE9692	GSM244483	GPL570	Septic_Shock
GSE9692	GSE9692	GSM244484	GPL570	Septic_Shock
GSE9692	GSE9692	GSM244485	GPL570	Septic_Shock
GSE9692	GSE9692	GSM244486	GPL570	Septic_Shock
GSE9692	GSE9692	GSM244487	GPL570	Septic_Shock
GSE9692	GSE9692	GSM244499	GPL570	Septic_Shock
GSE9692	GSE9692	GSM244500	GPL570	Septic_Shock
GSE9692	GSE9692	GSM244501	GPL570	Septic_Shock
GSE9692	GSE9692	GSM244502	GPL570	Septic_Shock
GSE9692	GSE9692	GSM244503	GPL570	Septic_Shock
GSE9692	GSE9692	GSM244504	GPL570	Septic_Shock
GSE9692	GSE9692	GSM244505	GPL570	Septic_Shock
GSE9692	GSE9692	GSM244506	GPL570	Septic_Shock
GSE9692	GSE9692	GSM244511	GPL570	Septic_Shock
GSE8121	GSE8121	GSM201245	GPL570	Septic_Shock
GSE8121	GSE8121	GSM201246	GPL570	Septic_Shock
GSE8121	GSE8121	GSM201247	GPL570	Septic_Shock
GSE8121	GSE8121	GSM201248	GPL570	Septic_Shock
GSE8121	GSE8121	GSM201249	GPL570	Septic_Shock
GSE8121	GSE8121	GSM201250	GPL570	Septic_Shock
GSE8121	GSE8121	GSM201251	GPL570	Septic_Shock
GSE8121	GSE8121	GSM201252	GPL570	Septic_Shock
GSE8121	GSE8121	GSM201253	GPL570	Septic_Shock
GSE8121	GSE8121	GSM201254	GPL570	Septic_Shock
GSE8121	GSE8121	GSM201255	GPL570	Septic_Shock
GSE8121	GSE8121	GSM201256	GPL570	Septic_Shock
GSE8121	GSE8121	GSM201257	GPL570	Septic_Shock
GSE8121	GSE8121	GSM201258	GPL570	Septic_Shock
GSE8121	GSE8121	GSM201259	GPL570	Septic_Shock
GSE8121	GSE8121	GSM201260	GPL570	Septic_Shock
GSE8121	GSE8121	GSM201261	GPL570	Septic_Shock
GSE8121	GSE8121	GSM201262	GPL570	Septic_Shock
GSE8121	GSE8121	GSM201263	GPL570	Septic_Shock
GSE8121	GSE8121	GSM201264	GPL570	Septic_Shock
GSE8121	GSE8121	GSM201265	GPL570	Septic_Shock
GSE8121	GSE8121	GSM201266	GPL570	Septic_Shock
GSE8121	GSE8121	GSM201267	GPL570	Septic_Shock
GSE8121	GSE8121	GSM201268	GPL570	Septic_Shock
GSE8121	GSE8121	GSM201269	GPL570	Septic_Shock
GSE8121	GSE8121	GSM201270	GPL570	Septic_Shock
GSE8121	GSE8121	GSM201271	GPL570	Septic_Shock
GSE8121	GSE8121	GSM201272	GPL570	Septic_Shock
GSE8121	GSE8121	GSM201273	GPL570	Septic_Shock
GSE8121	GSE8121	GSM201274	GPL570	Septic_Shock
GSE8121	GSE8121	GSM201275	GPL570	Septic_Shock
GSE8121	GSE8121	GSM201276	GPL570	Septic_Shock
GSE8121	GSE8121	GSM201277	GPL570	Septic_Shock
GSE8121	GSE8121	GSM201278	GPL570	Septic_Shock
GSE8121	GSE8121	GSM201279	GPL570	Septic_Shock
GSE8121	GSE8121	GSM201280	GPL570	Septic_Shock
GSE8121	GSE8121	GSM201281	GPL570	Septic_Shock
GSE8121	GSE8121	GSM201282	GPL570	Septic_Shock
GSE8121	GSE8121	GSM201283	GPL570	Septic_Shock
GSE8121	GSE8121	GSM201284	GPL570	Septic_Shock
GSE8121	GSE8121	GSM201285	GPL570	Septic_Shock
GSE8121	GSE8121	GSM201286	GPL570	Septic_Shock
GSE8121	GSE8121	GSM201287	GPL570	Septic_Shock
GSE8121	GSE8121	GSM201288	GPL570	Septic_Shock
GSE8121	GSE8121	GSM201289	GPL570	Septic_Shock
GSE8121	GSE8121	GSM201290	GPL570	Septic_Shock
GSE8121	GSE8121	GSM201291	GPL570	Septic_Shock
GSE8121	GSE8121	GSM201292	GPL570	Septic_Shock
GSE8121	GSE8121	GSM201293	GPL570	Septic_Shock
GSE8121	GSE8121	GSM201294	GPL570	Septic_Shock
GSE8121	GSE8121	GSM201295	GPL570	Septic_Shock
GSE8121	GSE8121	GSM201296	GPL570	Septic_Shock
GSE8121	GSE8121	GSM201297	GPL570	Septic_Shock
GSE8121	GSE8121	GSM201298	GPL570	Septic_Shock
GSE8121	GSE8121	GSM201299	GPL570	Septic_Shock
GSE8121	GSE8121	GSM201300	GPL570	Septic_Shock
GSE8121	GSE8121	GSM201301	GPL570	Septic_Shock
GSE8121	GSE8121	GSM201302	GPL570	Septic_Shock
GSE8121	GSE8121	GSM201303	GPL570	Septic_Shock
GSE8121	GSE8121	GSM201304	GPL570	Septic_Shock
GSE4607	GSE4607	GSM102976	GPL570	Septic_Shock
GSE4607	GSE4607	GSM102977	GPL570	Septic_Shock
GSE4607	GSE4607	GSM102978	GPL570	Septic_Shock
GSE4607	GSE4607	GSM102979	GPL570	Septic_Shock
GSE4607	GSE4607	GSM102980	GPL570	Septic_Shock
GSE4607	GSE4607	GSM102981	GPL570	Septic_Shock
GSE4607	GSE4607	GSM102982	GPL570	Septic_Shock
GSE4607	GSE4607	GSM102983	GPL570	Septic_Shock
GSE4607	GSE4607	GSM102984	GPL570	Septic_Shock
GSE4607	GSE4607	GSM102985	GPL570	Septic_Shock
GSE4607	GSE4607	GSM102986	GPL570	Septic_Shock
GSE4607	GSE4607	GSM102987	GPL570	Septic_Shock
GSE4607	GSE4607	GSM102988	GPL570	Septic_Shock
GSE4607	GSE4607	GSM102989	GPL570	Septic_Shock
GSE4607	GSE4607	GSM102990	GPL570	Septic_Shock
GSE4607	GSE4607	GSM102991	GPL570	Septic_Shock
GSE4607	GSE4607	GSM102992	GPL570	Septic_Shock
GSE4607	GSE4607	GSM102993	GPL570	Septic_Shock
GSE4607	GSE4607	GSM102994	GPL570	Septic_Shock
GSE4607	GSE4607	GSM102995	GPL570	Septic_Shock
GSE4607	GSE4607	GSM102996	GPL570	Septic_Shock
GSE4607	GSE4607	GSM102997	GPL570	Septic_Shock
GSE4607	GSE4607	GSM102998	GPL570	Septic_Shock
GSE4607	GSE4607	GSM102999	GPL570	Septic_Shock
GSE4607	GSE4607	GSM103000	GPL570	Septic_Shock
GSE4607	GSE4607	GSM103001	GPL570	Septic_Shock
GSE4607	GSE4607	GSM103002	GPL570	Septic_Shock
GSE4607	GSE4607	GSM103003	GPL570	Septic_Shock
GSE4607	GSE4607	GSM103004	GPL570	Septic_Shock
GSE4607	GSE4607	GSM103005	GPL570	Septic_Shock
GSE4607	GSE4607	GSM103006	GPL570	Septic_Shock
GSE4607	GSE4607	GSM103007	GPL570	Septic_Shock
GSE4607	GSE4607	GSM103008	GPL570	Septic_Shock
GSE4607	GSE4607	GSM103009	GPL570	Septic_Shock
GSE4607	GSE4607	GSM103010	GPL570	Septic_Shock
GSE4607	GSE4607	GSM103011	GPL570	Septic_Shock
GSE4607	GSE4607	GSM103012	GPL570	Septic_Shock
GSE4607	GSE4607	GSM103013	GPL570	Septic_Shock
GSE4607	GSE4607	GSM103014	GPL570	Septic_Shock
GSE4607	GSE4607	GSM103015	GPL570	Septic_Shock
GSE4607	GSE4607	GSM103016	GPL570	Septic_Shock
GSE4607	GSE4607	GSM103017	GPL570	Septic_Shock
GSE4607	GSE4607	GSM103018	GPL570	Septic_Shock
GSE4607	GSE4607	GSM103019	GPL570	Septic_Shock
GSE4607	GSE4607	GSM103020	GPL570	Septic_Shock
GSE4607	GSE4607	GSM103021	GPL570	Septic_Shock
GSE4607	GSE4607	GSM103022	GPL570	Septic_Shock
GSE4607	GSE4607	GSM103023	GPL570	Septic_Shock
GSE4607	GSE4607	GSM103024	GPL570	Septic_Shock
GSE4607	GSE4607	GSM103025	GPL570	Septic_Shock
GSE4607	GSE4607	GSM103026	GPL570	Septic_Shock
GSE4607	GSE4607	GSM103027	GPL570	Septic_Shock
GSE4607	GSE4607	GSM103028	GPL570	Septic_Shock
GSE4607	GSE4607	GSM103029	GPL570	Septic_Shock
GSE4607	GSE4607	GSM103030	GPL570	Septic_Shock
GSE4607	GSE4607	GSM103033	GPL570	Septic_Shock
GSE4607	GSE4607	GSM103036	GPL570	Septic_Shock
GSE4607	GSE4607	GSM103044	GPL570	Septic_Shock
GSE4607	GSE4607	GSM103047	GPL570	Septic_Shock
GSE4607	GSE4607	GSM103048	GPL570	Septic_Shock
GSE4607	GSE4607	GSM103051	GPL570	Septic_Shock
GSE4607	GSE4607	GSM103064	GPL570	Septic_Shock
GSE4607	GSE4607	GSM103067	GPL570	Septic_Shock
GSE4607	GSE4607	GSM103068	GPL570	Septic_Shock
GSE4607	GSE4607	GSM103072	GPL570	Septic_Shock
GSE4607	GSE4607	GSM103075	GPL570	Septic_Shock
GSE4607	GSE4607	GSM103076	GPL570	Septic_Shock
GSE4607	GSE4607	GSM103079	GPL570	Septic_Shock
GSE4607	GSE4607	GSM103083	GPL570	Septic_Shock
GSE13904	GSE13904	GSM350260	GPL570	Septic_Shock
GSE13904	GSE13904	GSM350261	GPL570	Septic_Shock
GSE13904	GSE13904	GSM350262	GPL570	Septic_Shock
GSE13904	GSE13904	GSM350263	GPL570	Septic_Shock
GSE13904	GSE13904	GSM350264	GPL570	Septic_Shock
GSE13904	GSE13904	GSM350265	GPL570	Septic_Shock
GSE13904	GSE13904	GSM350266	GPL570	Septic_Shock
GSE13904	GSE13904	GSM350267	GPL570	Septic_Shock
GSE13904	GSE13904	GSM350268	GPL570	Septic_Shock
GSE13904	GSE13904	GSM350269	GPL570	Septic_Shock
GSE13904	GSE13904	GSM350270	GPL570	Septic_Shock
GSE13904	GSE13904	GSM350271	GPL570	Septic_Shock
GSE13904	GSE13904	GSM350272	GPL570	Septic_Shock
GSE13904	GSE13904	GSM350273	GPL570	Septic_Shock
GSE13904	GSE13904	GSM350274	GPL570	Septic_Shock
GSE13904	GSE13904	GSM350275	GPL570	Septic_Shock
GSE13904	GSE13904	GSM350276	GPL570	Septic_Shock
GSE13904	GSE13904	GSM350277	GPL570	Septic_Shock
GSE13904	GSE13904	GSM350278	GPL570	Septic_Shock
GSE13904	GSE13904	GSM350279	GPL570	Septic_Shock
GSE13904	GSE13904	GSM350280	GPL570	Septic_Shock
GSE13904	GSE13904	GSM350281	GPL570	Septic_Shock
GSE13904	GSE13904	GSM350282	GPL570	Septic_Shock
GSE13904	GSE13904	GSM350283	GPL570	Septic_Shock
GSE13904	GSE13904	GSM350284	GPL570	Septic_Shock
GSE13904	GSE13904	GSM350285	GPL570	Septic_Shock
GSE13904	GSE13904	GSM350286	GPL570	Septic_Shock
GSE13904	GSE13904	GSM350287	GPL570	Septic_Shock
GSE13904	GSE13904	GSM350288	GPL570	Septic_Shock
GSE13904	GSE13904	GSM350289	GPL570	Septic_Shock
GSE13904	GSE13904	GSM350290	GPL570	Septic_Shock
GSE13904	GSE13904	GSM350291	GPL570	Septic_Shock
GSE13904	GSE13904	GSM350292	GPL570	Septic_Shock
GSE13904	GSE13904	GSM350293	GPL570	Septic_Shock
GSE13904	GSE13904	GSM350294	GPL570	Septic_Shock
GSE13904	GSE13904	GSM350295	GPL570	Septic_Shock
GSE13904	GSE13904	GSM350296	GPL570	Septic_Shock
GSE13904	GSE13904	GSM350297	GPL570	Septic_Shock
GSE13904	GSE13904	GSM350298	GPL570	Septic_Shock
GSE13904	GSE13904	GSM350299	GPL570	Septic_Shock
GSE13904	GSE13904	GSM350300	GPL570	Septic_Shock
GSE13904	GSE13904	GSM350301	GPL570	Septic_Shock
GSE13904	GSE13904	GSM350302	GPL570	Septic_Shock
GSE13904	GSE13904	GSM350303	GPL570	Septic_Shock
GSE13904	GSE13904	GSM350304	GPL570	Septic_Shock
GSE13904	GSE13904	GSM350305	GPL570	Septic_Shock
GSE13904	GSE13904	GSM350306	GPL570	Septic_Shock
GSE13904	GSE13904	GSM350307	GPL570	Septic_Shock
GSE13904	GSE13904	GSM350308	GPL570	Septic_Shock
GSE13904	GSE13904	GSM350309	GPL570	Septic_Shock
GSE13904	GSE13904	GSM350310	GPL570	Septic_Shock
GSE13904	GSE13904	GSM350311	GPL570	Septic_Shock
GSE13904	GSE13904	GSM350312	GPL570	Septic_Shock
GSE13904	GSE13904	GSM350313	GPL570	Septic_Shock
GSE13904	GSE13904	GSM350314	GPL570	Septic_Shock
GSE13904	GSE13904	GSM350315	GPL570	Septic_Shock
GSE13904	GSE13904	GSM350316	GPL570	Septic_Shock
GSE13904	GSE13904	GSM350317	GPL570	Septic_Shock
GSE13904	GSE13904	GSM350318	GPL570	Septic_Shock
GSE13904	GSE13904	GSM350319	GPL570	Septic_Shock
GSE13904	GSE13904	GSM350320	GPL570	Septic_Shock
GSE13904	GSE13904	GSM350321	GPL570	Septic_Shock
GSE13904	GSE13904	GSM350322	GPL570	Septic_Shock
GSE13904	GSE13904	GSM350323	GPL570	Septic_Shock
GSE13904	GSE13904	GSM350324	GPL570	Septic_Shock
GSE13904	GSE13904	GSM350325	GPL570	Septic_Shock
GSE13904	GSE13904	GSM350326	GPL570	Septic_Shock
GSE13904	GSE13904	GSM350327	GPL570	Septic_Shock
GSE13904	GSE13904	GSM350328	GPL570	Septic_Shock
GSE13904	GSE13904	GSM350329	GPL570	Septic_Shock
GSE13904	GSE13904	GSM350330	GPL570	Septic_Shock
GSE13904	GSE13904	GSM350331	GPL570	Septic_Shock
GSE13904	GSE13904	GSM350332	GPL570	Septic_Shock
GSE13904	GSE13904	GSM350333	GPL570	Septic_Shock
GSE13904	GSE13904	GSM350334	GPL570	Septic_Shock
GSE13904	GSE13904	GSM350335	GPL570	Septic_Shock
GSE13904	GSE13904	GSM350336	GPL570	Septic_Shock
GSE13904	GSE13904	GSM350337	GPL570	Septic_Shock
GSE13904	GSE13904	GSM350338	GPL570	Septic_Shock
GSE13904	GSE13904	GSM350339	GPL570	Septic_Shock
GSE13904	GSE13904	GSM350340	GPL570	Septic_Shock
GSE13904	GSE13904	GSM350341	GPL570	Septic_Shock
GSE13904	GSE13904	GSM350342	GPL570	Septic_Shock
GSE13904	GSE13904	GSM350343	GPL570	Septic_Shock
GSE13904	GSE13904	GSM350344	GPL570	Septic_Shock
GSE13904	GSE13904	GSM350345	GPL570	Septic_Shock
GSE13904	GSE13904	GSM350346	GPL570	Septic_Shock
GSE13904	GSE13904	GSM350347	GPL570	Septic_Shock
GSE13904	GSE13904	GSM350348	GPL570	Septic_Shock
GSE13904	GSE13904	GSM350349	GPL570	Septic_Shock
GSE13904	GSE13904	GSM350350	GPL570	Septic_Shock
GSE13904	GSE13904	GSM350351	GPL570	Septic_Shock
GSE13904	GSE13904	GSM350352	GPL570	Septic_Shock
GSE13904	GSE13904	GSM350353	GPL570	Septic_Shock
GSE13904	GSE13904	GSM350354	GPL570	Septic_Shock
GSE13904	GSE13904	GSM350355	GPL570	Septic_Shock
GSE13904	GSE13904	GSM350356	GPL570	Septic_Shock
GSE13904	GSE13904	GSM350357	GPL570	Septic_Shock
GSE13904	GSE13904	GSM350358	GPL570	Septic_Shock
GSE13904	GSE13904	GSM350359	GPL570	Septic_Shock
GSE13904	GSE13904	GSM350360	GPL570	Septic_Shock
GSE13904	GSE13904	GSM350361	GPL570	Septic_Shock
GSE13904	GSE13904	GSM350362	GPL570	Septic_Shock
GSE13904	GSE13904	GSM350363	GPL570	Septic_Shock
GSE13904	GSE13904	GSM350364	GPL570	Septic_Shock
GSE13904	GSE13904	GSM350365	GPL570	Septic_Shock
GSE26378	GSE26378	GSM647527	GPL570	Septic_Shock
GSE26378	GSE26378	GSM647542	GPL570	Septic_Shock
GSE26378	GSE26378	GSM647543	GPL570	Septic_Shock
GSE26378	GSE26378	GSM647544	GPL570	Septic_Shock
GSE26378	GSE26378	GSM647545	GPL570	Septic_Shock
GSE26378	GSE26378	GSM647546	GPL570	Septic_Shock
GSE26378	GSE26378	GSM647547	GPL570	Septic_Shock
GSE26378	GSE26378	GSM647548	GPL570	Septic_Shock
GSE26378	GSE26378	GSM647549	GPL570	Septic_Shock
GSE26378	GSE26378	GSM647550	GPL570	Septic_Shock
GSE26378	GSE26378	GSM647551	GPL570	Septic_Shock
GSE26378	GSE26378	GSM647528	GPL570	Septic_Shock
GSE26378	GSE26378	GSM647552	GPL570	Septic_Shock
GSE26378	GSE26378	GSM647553	GPL570	Septic_Shock
GSE26378	GSE26378	GSM647554	GPL570	Septic_Shock
GSE26378	GSE26378	GSM647555	GPL570	Septic_Shock
GSE26378	GSE26378	GSM647556	GPL570	Septic_Shock
GSE26378	GSE26378	GSM647557	GPL570	Septic_Shock
GSE26378	GSE26378	GSM647558	GPL570	Septic_Shock
GSE26378	GSE26378	GSM647559	GPL570	Septic_Shock
GSE26378	GSE26378	GSM647560	GPL570	Septic_Shock
GSE26378	GSE26378	GSM647561	GPL570	Septic_Shock
GSE26378	GSE26378	GSM647529	GPL570	Septic_Shock
GSE26378	GSE26378	GSM647562	GPL570	Septic_Shock
GSE26378	GSE26378	GSM647563	GPL570	Septic_Shock
GSE26378	GSE26378	GSM647564	GPL570	Septic_Shock
GSE26378	GSE26378	GSM647565	GPL570	Septic_Shock
GSE26378	GSE26378	GSM647567	GPL570	Septic_Shock
GSE26378	GSE26378	GSM647568	GPL570	Septic_Shock
GSE26378	GSE26378	GSM647569	GPL570	Septic_Shock
GSE26378	GSE26378	GSM647570	GPL570	Septic_Shock
GSE26378	GSE26378	GSM647571	GPL570	Septic_Shock
GSE26378	GSE26378	GSM647572	GPL570	Septic_Shock
GSE26378	GSE26378	GSM647530	GPL570	Septic_Shock
GSE26378	GSE26378	GSM647573	GPL570	Septic_Shock
GSE26378	GSE26378	GSM647574	GPL570	Septic_Shock
GSE26378	GSE26378	GSM647576	GPL570	Septic_Shock
GSE26378	GSE26378	GSM647577	GPL570	Septic_Shock
GSE26378	GSE26378	GSM647578	GPL570	Septic_Shock
GSE26378	GSE26378	GSM647579	GPL570	Septic_Shock
GSE26378	GSE26378	GSM647580	GPL570	Septic_Shock
GSE26378	GSE26378	GSM647581	GPL570	Septic_Shock
GSE26378	GSE26378	GSM647582	GPL570	Septic_Shock
GSE26378	GSE26378	GSM647583	GPL570	Septic_Shock
GSE26378	GSE26378	GSM647531	GPL570	Septic_Shock
GSE26378	GSE26378	GSM647584	GPL570	Septic_Shock
GSE26378	GSE26378	GSM647585	GPL570	Septic_Shock
GSE26378	GSE26378	GSM647586	GPL570	Septic_Shock
GSE26378	GSE26378	GSM647587	GPL570	Septic_Shock
GSE26378	GSE26378	GSM647588	GPL570	Septic_Shock
GSE26378	GSE26378	GSM647591	GPL570	Septic_Shock
GSE26378	GSE26378	GSM647592	GPL570	Septic_Shock
GSE26378	GSE26378	GSM647593	GPL570	Septic_Shock
GSE26378	GSE26378	GSM647594	GPL570	Septic_Shock
GSE26378	GSE26378	GSM647595	GPL570	Septic_Shock
GSE26378	GSE26378	GSM647532	GPL570	Septic_Shock
GSE26378	GSE26378	GSM647596	GPL570	Septic_Shock
GSE26378	GSE26378	GSM647597	GPL570	Septic_Shock
GSE26378	GSE26378	GSM647598	GPL570	Septic_Shock
GSE26378	GSE26378	GSM647599	GPL570	Septic_Shock
GSE26378	GSE26378	GSM647600	GPL570	Septic_Shock
GSE26378	GSE26378	GSM647601	GPL570	Septic_Shock
GSE26378	GSE26378	GSM647602	GPL570	Septic_Shock
GSE26378	GSE26378	GSM647603	GPL570	Septic_Shock
GSE26378	GSE26378	GSM647609	GPL570	Septic_Shock
GSE26378	GSE26378	GSM647610	GPL570	Septic_Shock
GSE26378	GSE26378	GSM647535	GPL570	Septic_Shock
GSE26378	GSE26378	GSM647611	GPL570	Septic_Shock
GSE26378	GSE26378	GSM647612	GPL570	Septic_Shock
GSE26378	GSE26378	GSM647613	GPL570	Septic_Shock
GSE26378	GSE26378	GSM647614	GPL570	Septic_Shock
GSE26378	GSE26378	GSM647615	GPL570	Septic_Shock
GSE26378	GSE26378	GSM647616	GPL570	Septic_Shock
GSE26378	GSE26378	GSM647617	GPL570	Septic_Shock
GSE26378	GSE26378	GSM647618	GPL570	Septic_Shock
GSE26378	GSE26378	GSM647619	GPL570	Septic_Shock
GSE26378	GSE26378	GSM647620	GPL570	Septic_Shock
GSE26378	GSE26378	GSM647540	GPL570	Septic_Shock
GSE26378	GSE26378	GSM647627	GPL570	Septic_Shock
GSE26378	GSE26378	GSM647628	GPL570	Septic_Shock
GSE26378	GSE26378	GSM647629	GPL570	Septic_Shock
GSE26378	GSE26378	GSM647541	GPL570	Septic_Shock
GSE26440	GSE26440	GSM648590	GPL570	Septic_Shock
GSE26440	GSE26440	GSM648599	GPL570	Septic_Shock
GSE26440	GSE26440	GSM648600	GPL570	Septic_Shock
GSE26440	GSE26440	GSM648601	GPL570	Septic_Shock
GSE26440	GSE26440	GSM648602	GPL570	Septic_Shock
GSE26440	GSE26440	GSM648603	GPL570	Septic_Shock
GSE26440	GSE26440	GSM648604	GPL570	Septic_Shock
GSE26440	GSE26440	GSM648605	GPL570	Septic_Shock
GSE26440	GSE26440	GSM648606	GPL570	Septic_Shock
GSE26440	GSE26440	GSM648607	GPL570	Septic_Shock
GSE26440	GSE26440	GSM648608	GPL570	Septic_Shock
GSE26440	GSE26440	GSM648591	GPL570	Septic_Shock
GSE26440	GSE26440	GSM648609	GPL570	Septic_Shock
GSE26440	GSE26440	GSM648610	GPL570	Septic_Shock
GSE26440	GSE26440	GSM648611	GPL570	Septic_Shock
GSE26440	GSE26440	GSM648612	GPL570	Septic_Shock
GSE26440	GSE26440	GSM648613	GPL570	Septic_Shock
GSE26440	GSE26440	GSM648614	GPL570	Septic_Shock
GSE26440	GSE26440	GSM648615	GPL570	Septic_Shock
GSE26440	GSE26440	GSM648616	GPL570	Septic_Shock
GSE26440	GSE26440	GSM648617	GPL570	Septic_Shock
GSE26440	GSE26440	GSM648618	GPL570	Septic_Shock
GSE26440	GSE26440	GSM648592	GPL570	Septic_Shock
GSE26440	GSE26440	GSM648619	GPL570	Septic_Shock
GSE26440	GSE26440	GSM648620	GPL570	Septic_Shock
GSE26440	GSE26440	GSM648621	GPL570	Septic_Shock
GSE26440	GSE26440	GSM648622	GPL570	Septic_Shock
GSE26440	GSE26440	GSM648623	GPL570	Septic_Shock
GSE26440	GSE26440	GSM648624	GPL570	Septic_Shock
GSE26440	GSE26440	GSM648625	GPL570	Septic_Shock
GSE26440	GSE26440	GSM648626	GPL570	Septic_Shock
GSE26440	GSE26440	GSM648627	GPL570	Septic_Shock
GSE26440	GSE26440	GSM648628	GPL570	Septic_Shock
GSE26440	GSE26440	GSM648593	GPL570	Septic_Shock
GSE26440	GSE26440	GSM648629	GPL570	Septic_Shock
GSE26440	GSE26440	GSM648633	GPL570	Septic_Shock
GSE26440	GSE26440	GSM648634	GPL570	Septic_Shock
GSE26440	GSE26440	GSM648635	GPL570	Septic_Shock
GSE26440	GSE26440	GSM648636	GPL570	Septic_Shock
GSE26440	GSE26440	GSM648642	GPL570	Septic_Shock
GSE26440	GSE26440	GSM648643	GPL570	Septic_Shock
GSE26440	GSE26440	GSM648644	GPL570	Septic_Shock
GSE26440	GSE26440	GSM648645	GPL570	Septic_Shock
GSE26440	GSE26440	GSM648646	GPL570	Septic_Shock
GSE26440	GSE26440	GSM648594	GPL570	Septic_Shock
GSE26440	GSE26440	GSM648647	GPL570	Septic_Shock
GSE26440	GSE26440	GSM648648	GPL570	Septic_Shock
GSE26440	GSE26440	GSM648649	GPL570	Septic_Shock
GSE26440	GSE26440	GSM648650	GPL570	Septic_Shock
GSE26440	GSE26440	GSM648651	GPL570	Septic_Shock
GSE26440	GSE26440	GSM648652	GPL570	Septic_Shock
GSE26440	GSE26440	GSM648653	GPL570	Septic_Shock
GSE26440	GSE26440	GSM648654	GPL570	Septic_Shock
GSE26440	GSE26440	GSM648655	GPL570	Septic_Shock
GSE26440	GSE26440	GSM648656	GPL570	Septic_Shock
GSE26440	GSE26440	GSM648595	GPL570	Septic_Shock
GSE26440	GSE26440	GSM648657	GPL570	Septic_Shock
GSE26440	GSE26440	GSM648658	GPL570	Septic_Shock
GSE26440	GSE26440	GSM648659	GPL570	Septic_Shock
GSE26440	GSE26440	GSM648660	GPL570	Septic_Shock
GSE26440	GSE26440	GSM648661	GPL570	Septic_Shock
GSE26440	GSE26440	GSM648662	GPL570	Septic_Shock
GSE26440	GSE26440	GSM648663	GPL570	Septic_Shock
GSE26440	GSE26440	GSM648664	GPL570	Septic_Shock
GSE26440	GSE26440	GSM648665	GPL570	Septic_Shock
GSE26440	GSE26440	GSM648666	GPL570	Septic_Shock
GSE26440	GSE26440	GSM648596	GPL570	Septic_Shock
GSE26440	GSE26440	GSM648667	GPL570	Septic_Shock
GSE26440	GSE26440	GSM648670	GPL570	Septic_Shock
GSE26440	GSE26440	GSM648675	GPL570	Septic_Shock
GSE26440	GSE26440	GSM648680	GPL570	Septic_Shock
GSE26440	GSE26440	GSM648682	GPL570	Septic_Shock
GSE26440	GSE26440	GSM648683	GPL570	Septic_Shock
GSE26440	GSE26440	GSM648684	GPL570	Septic_Shock
GSE26440	GSE26440	GSM648685	GPL570	Septic_Shock
GSE26440	GSE26440	GSM648695	GPL570	Septic_Shock
GSE26440	GSE26440	GSM648696	GPL570	Septic_Shock
GSE26440	GSE26440	GSM648597	GPL570	Septic_Shock
GSE26440	GSE26440	GSM648697	GPL570	Septic_Shock
GSE26440	GSE26440	GSM648698	GPL570	Septic_Shock
GSE26440	GSE26440	GSM648702	GPL570	Septic_Shock
GSE26440	GSE26440	GSM648704	GPL570	Septic_Shock
GSE26440	GSE26440	GSM648705	GPL570	Septic_Shock
GSE26440	GSE26440	GSM648706	GPL570	Septic_Shock
GSE26440	GSE26440	GSM648707	GPL570	Septic_Shock
GSE26440	GSE26440	GSM648708	GPL570	Septic_Shock
GSE26440	GSE26440	GSM648709	GPL570	Septic_Shock
GSE26440	GSE26440	GSM648710	GPL570	Septic_Shock
GSE26440	GSE26440	GSM648598	GPL570	Septic_Shock
GSE26440	GSE26440	GSM648711	GPL570	Septic_Shock
GSE26440	GSE26440	GSM648712	GPL570	Septic_Shock
GSE26440	GSE26440	GSM648713	GPL570	Septic_Shock
GSE26440	GSE26440	GSM648714	GPL570	Septic_Shock
GSE26440	GSE26440	GSM648715	GPL570	Septic_Shock
GSE26440	GSE26440	GSM648716	GPL570	Septic_Shock
GSE26440	GSE26440	GSM648717	GPL570	Septic_Shock
GSE26440	GSE26440	GSM648718	GPL570	Septic_Shock
GSE26440	GSE26440	GSM648719	GPL570	Septic_Shock
GSE32707	GSE32707	GSM812626	GPL10558	SIRS
GSE32707	GSE32707	GSM812628	GPL10558	SIRS
GSE32707	GSE32707	GSM812636	GPL10558	SIRS
GSE32707	GSE32707	GSM812637	GPL10558	SIRS
GSE32707	GSE32707	GSM812640	GPL10558	SIRS
GSE32707	GSE32707	GSM812641	GPL10558	SIRS
GSE32707	GSE32707	GSM812644	GPL10558	SIRS
GSE32707	GSE32707	GSM812656	GPL10558	SIRS
GSE32707	GSE32707	GSM812657	GPL10558	SIRS
GSE32707	GSE32707	GSM812658	GPL10558	SIRS
GSE32707	GSE32707	GSM812666	GPL10558	SIRS
GSE32707	GSE32707	GSM812668	GPL10558	SIRS
GSE32707	GSE32707	GSM812669	GPL10558	SIRS
GSE32707	GSE32707	GSM812679	GPL10558	SIRS
GSE32707	GSE32707	GSM812680	GPL10558	SIRS
GSE32707	GSE32707	GSM812685	GPL10558	SIRS
GSE32707	GSE32707	GSM812698	GPL10558	SIRS
GSE32707	GSE32707	GSM812709	GPL10558	SIRS
GSE32707	GSE32707	GSM812720	GPL10558	SIRS
GSE32707	GSE32707	GSM812722	GPL10558	SIRS
GSE32707	GSE32707	GSM812723	GPL10558	SIRS
GSE4607	GSE4607	GSM103031	GPL570	SIRS
GSE4607	GSE4607	GSM103032	GPL570	SIRS
GSE4607	GSE4607	GSM103034	GPL570	SIRS
GSE4607	GSE4607	GSM103035	GPL570	SIRS
GSE4607	GSE4607	GSM103037	GPL570	SIRS
GSE4607	GSE4607	GSM103038	GPL570	SIRS
GSE4607	GSE4607	GSM103039	GPL570	SIRS
GSE4607	GSE4607	GSM103040	GPL570	SIRS
GSE4607	GSE4607	GSM103041	GPL570	SIRS
GSE4607	GSE4607	GSM103042	GPL570	SIRS
GSE4607	GSE4607	GSM103043	GPL570	SIRS
GSE4607	GSE4607	GSM103045	GPL570	SIRS
GSE4607	GSE4607	GSM103046	GPL570	SIRS
GSE4607	GSE4607	GSM103049	GPL570	SIRS
GSE4607	GSE4607	GSM103050	GPL570	SIRS
GSE4607	GSE4607	GSM103052	GPL570	SIRS
GSE4607	GSE4607	GSM103053	GPL570	SIRS
GSE4607	GSE4607	GSM103054	GPL570	SIRS
GSE4607	GSE4607	GSM103055	GPL570	SIRS
GSE4607	GSE4607	GSM103056	GPL570	SIRS
GSE4607	GSE4607	GSM103057	GPL570	SIRS
GSE4607	GSE4607	GSM103058	GPL570	SIRS
GSE4607	GSE4607	GSM103059	GPL570	SIRS
GSE4607	GSE4607	GSM103060	GPL570	SIRS
GSE4607	GSE4607	GSM103061	GPL570	SIRS
GSE4607	GSE4607	GSM103062	GPL570	SIRS
GSE4607	GSE4607	GSM103063	GPL570	SIRS
GSE4607	GSE4607	GSM103065	GPL570	SIRS
GSE4607	GSE4607	GSM103066	GPL570	SIRS
GSE4607	GSE4607	GSM103069	GPL570	SIRS
GSE4607	GSE4607	GSM103070	GPL570	SIRS
GSE4607	GSE4607	GSM103071	GPL570	SIRS
GSE4607	GSE4607	GSM103073	GPL570	SIRS
GSE4607	GSE4607	GSM103074	GPL570	SIRS
GSE4607	GSE4607	GSM103077	GPL570	SIRS
GSE4607	GSE4607	GSM103078	GPL570	SIRS
GSE4607	GSE4607	GSM103080	GPL570	SIRS
GSE4607	GSE4607	GSM103081	GPL570	SIRS
GSE4607	GSE4607	GSM103082	GPL570	SIRS
GSE13904	GSE13904	GSM350157	GPL570	SIRS
GSE13904	GSE13904	GSM350158	GPL570	SIRS
GSE13904	GSE13904	GSM350159	GPL570	SIRS
GSE13904	GSE13904	GSM350160	GPL570	SIRS
GSE13904	GSE13904	GSM350161	GPL570	SIRS
GSE13904	GSE13904	GSM350162	GPL570	SIRS
GSE13904	GSE13904	GSM350163	GPL570	SIRS
GSE13904	GSE13904	GSM350164	GPL570	SIRS
GSE13904	GSE13904	GSM350165	GPL570	SIRS
GSE13904	GSE13904	GSM350166	GPL570	SIRS
GSE13904	GSE13904	GSM350167	GPL570	SIRS
GSE13904	GSE13904	GSM350168	GPL570	SIRS
GSE13904	GSE13904	GSM350169	GPL570	SIRS
GSE13904	GSE13904	GSM350170	GPL570	SIRS
GSE13904	GSE13904	GSM350171	GPL570	SIRS
GSE13904	GSE13904	GSM350172	GPL570	SIRS
GSE13904	GSE13904	GSM350173	GPL570	SIRS
GSE13904	GSE13904	GSM350174	GPL570	SIRS
GSE13904	GSE13904	GSM350175	GPL570	SIRS
GSE13904	GSE13904	GSM350176	GPL570	SIRS
GSE13904	GSE13904	GSM350177	GPL570	SIRS
GSE13904	GSE13904	GSM350178	GPL570	SIRS
GSE13904	GSE13904	GSM350179	GPL570	SIRS
GSE13904	GSE13904	GSM350180	GPL570	SIRS
GSE13904	GSE13904	GSM350181	GPL570	SIRS
GSE13904	GSE13904	GSM350182	GPL570	SIRS
GSE13904	GSE13904	GSM350183	GPL570	SIRS
GSE13904	GSE13904	GSM350184	GPL570	SIRS
GSE13904	GSE13904	GSM350185	GPL570	SIRS
GSE13904	GSE13904	GSM350186	GPL570	SIRS
GSE13904	GSE13904	GSM350187	GPL570	SIRS
GSE13904	GSE13904	GSM350188	GPL570	SIRS
GSE13904	GSE13904	GSM350189	GPL570	SIRS
GSE13904	GSE13904	GSM350190	GPL570	SIRS
GSE13904	GSE13904	GSM350191	GPL570	SIRS
GSE13904	GSE13904	GSM350192	GPL570	SIRS
GSE13904	GSE13904	GSM350193	GPL570	SIRS
GSE13904	GSE13904	GSM350194	GPL570	SIRS
GSE13904	GSE13904	GSM350195	GPL570	SIRS
GSE13904	GSE13904	GSM350196	GPL570	SIRS
GSE13904	GSE13904	GSM350197	GPL570	SIRS
GSE13904	GSE13904	GSM350198	GPL570	SIRS
GSE13904	GSE13904	GSM350199	GPL570	SIRS
GSE13904	GSE13904	GSM350200	GPL570	SIRS
GSE13904	GSE13904	GSM350201	GPL570	SIRS
GSE13904	GSE13904	GSM350202	GPL570	SIRS
GSE13904	GSE13904	GSM350203	GPL570	SIRS
GSE13904	GSE13904	GSM350204	GPL570	SIRS
GSE13904	GSE13904	GSM350205	GPL570	SIRS
GSE13904	GSE13904	GSM350206	GPL570	SIRS
GSE13904	GSE13904	GSM350207	GPL570	SIRS
GSE3284-GPL96	GSE3284	GSM73423	GPL96	Useless
GSE3284-GPL96	GSE3284	GSM73424	GPL96	Useless
GSE3284-GPL96	GSE3284	GSM73425	GPL96	Useless
GSE3284-GPL96	GSE3284	GSM73426	GPL96	Useless
GSE3284-GPL96	GSE3284	GSM73427	GPL96	Useless
GSE3284-GPL96	GSE3284	GSM73428	GPL96	Useless
GSE3284-GPL96	GSE3284	GSM73429	GPL96	Useless
GSE3284-GPL96	GSE3284	GSM73430	GPL96	Useless
GSE6377	GSE6377	GSM147173	GPL201	VAP_T1
GSE6377	GSE6377	GSM147181	GPL201	VAP_T1
GSE6377	GSE6377	GSM147188	GPL201	VAP_T1
GSE6377	GSE6377	GSM147199	GPL201	VAP_T1
GSE6377	GSE6377	GSM147206	GPL201	VAP_T1
GSE6377	GSE6377	GSM147217	GPL201	VAP_T1
GSE6377	GSE6377	GSM147222	GPL201	VAP_T1
GSE6377	GSE6377	GSM147233	GPL201	VAP_T1
GSE6377	GSE6377	GSM147244	GPL201	VAP_T1
GSE6377	GSE6377	GSM147252	GPL201	VAP_T1
GSE6377	GSE6377	GSM147262	GPL201	VAP_T1
GSE6377	GSE6377	GSM147193	GPL201	VAP_T11
GSE6377	GSE6377	GSM147204	GPL201	VAP_T11
GSE6377	GSE6377	GSM147211	GPL201	VAP_T11
GSE6377	GSE6377	GSM147227	GPL201	VAP_T11
GSE6377	GSE6377	GSM147238	GPL201	VAP_T11
GSE6377	GSE6377	GSM147249	GPL201	VAP_T11
GSE6377	GSE6377	GSM147257	GPL201	VAP_T11
GSE6377	GSE6377	GSM147267	GPL201	VAP_T11
GSE6377	GSE6377	GSM147176	GPL201	VAP_T13
GSE6377	GSE6377	GSM147186	GPL201	VAP_T13
GSE6377	GSE6377	GSM147194	GPL201	VAP_T13
GSE6377	GSE6377	GSM147205	GPL201	VAP_T13
GSE6377	GSE6377	GSM147212	GPL201	VAP_T13
GSE6377	GSE6377	GSM147228	GPL201	VAP_T13
GSE6377	GSE6377	GSM147239	GPL201	VAP_T13
GSE6377	GSE6377	GSM147250	GPL201	VAP_T13
GSE6377	GSE6377	GSM147258	GPL201	VAP_T13
GSE6377	GSE6377	GSM147268	GPL201	VAP_T13
GSE6377	GSE6377	GSM147177	GPL201	VAP_T15
GSE6377	GSE6377	GSM147195	GPL201	VAP_T15
GSE6377	GSE6377	GSM147213	GPL201	VAP_T15
GSE6377	GSE6377	GSM147229	GPL201	VAP_T15
GSE6377	GSE6377	GSM147240	GPL201	VAP_T15
GSE6377	GSE6377	GSM147251	GPL201	VAP_T15
GSE6377	GSE6377	GSM147269	GPL201	VAP_T15
GSE6377	GSE6377	GSM147178	GPL201	VAP_T17
GSE6377	GSE6377	GSM147187	GPL201	VAP_T17
GSE6377	GSE6377	GSM147196	GPL201	VAP_T17
GSE6377	GSE6377	GSM147214	GPL201	VAP_T17
GSE6377	GSE6377	GSM147230	GPL201	VAP_T17
GSE6377	GSE6377	GSM147241	GPL201	VAP_T17
GSE6377	GSE6377	GSM147259	GPL201	VAP_T17
GSE6377	GSE6377	GSM147270	GPL201	VAP_T17
GSE6377	GSE6377	GSM147179	GPL201	VAP_T19
GSE6377	GSE6377	GSM147197	GPL201	VAP_T19
GSE6377	GSE6377	GSM147215	GPL201	VAP_T19
GSE6377	GSE6377	GSM147231	GPL201	VAP_T19
GSE6377	GSE6377	GSM147242	GPL201	VAP_T19
GSE6377	GSE6377	GSM147260	GPL201	VAP_T19
GSE6377	GSE6377	GSM147271	GPL201	VAP_T19
GSE6377	GSE6377	GSM147180	GPL201	VAP_T21
GSE6377	GSE6377	GSM147198	GPL201	VAP_T21
GSE6377	GSE6377	GSM147216	GPL201	VAP_T21
GSE6377	GSE6377	GSM147232	GPL201	VAP_T21
GSE6377	GSE6377	GSM147243	GPL201	VAP_T21
GSE6377	GSE6377	GSM147261	GPL201	VAP_T21
GSE6377	GSE6377	GSM147182	GPL201	VAP_T3
GSE6377	GSE6377	GSM147189	GPL201	VAP_T3
GSE6377	GSE6377	GSM147200	GPL201	VAP_T3
GSE6377	GSE6377	GSM147207	GPL201	VAP_T3
GSE6377	GSE6377	GSM147218	GPL201	VAP_T3
GSE6377	GSE6377	GSM147223	GPL201	VAP_T3
GSE6377	GSE6377	GSM147234	GPL201	VAP_T3
GSE6377	GSE6377	GSM147245	GPL201	VAP_T3
GSE6377	GSE6377	GSM147253	GPL201	VAP_T3
GSE6377	GSE6377	GSM147263	GPL201	VAP_T3
GSE6377	GSE6377	GSM147183	GPL201	VAP_T5
GSE6377	GSE6377	GSM147190	GPL201	VAP_T5
GSE6377	GSE6377	GSM147201	GPL201	VAP_T5
GSE6377	GSE6377	GSM147208	GPL201	VAP_T5
GSE6377	GSE6377	GSM147219	GPL201	VAP_T5
GSE6377	GSE6377	GSM147224	GPL201	VAP_T5
GSE6377	GSE6377	GSM147235	GPL201	VAP_T5
GSE6377	GSE6377	GSM147246	GPL201	VAP_T5
GSE6377	GSE6377	GSM147254	GPL201	VAP_T5
GSE6377	GSE6377	GSM147264	GPL201	VAP_T5
GSE6377	GSE6377	GSM147174	GPL201	VAP_T7
GSE6377	GSE6377	GSM147184	GPL201	VAP_T7
GSE6377	GSE6377	GSM147191	GPL201	VAP_T7
GSE6377	GSE6377	GSM147202	GPL201	VAP_T7
GSE6377	GSE6377	GSM147209	GPL201	VAP_T7
GSE6377	GSE6377	GSM147220	GPL201	VAP_T7
GSE6377	GSE6377	GSM147225	GPL201	VAP_T7
GSE6377	GSE6377	GSM147236	GPL201	VAP_T7
GSE6377	GSE6377	GSM147247	GPL201	VAP_T7
GSE6377	GSE6377	GSM147255	GPL201	VAP_T7
GSE6377	GSE6377	GSM147265	GPL201	VAP_T7
GSE6377	GSE6377	GSM147175	GPL201	VAP_T9
GSE6377	GSE6377	GSM147185	GPL201	VAP_T9
GSE6377	GSE6377	GSM147192	GPL201	VAP_T9
GSE6377	GSE6377	GSM147203	GPL201	VAP_T9
GSE6377	GSE6377	GSM147210	GPL201	VAP_T9
GSE6377	GSE6377	GSM147221	GPL201	VAP_T9
GSE6377	GSE6377	GSM147226	GPL201	VAP_T9
GSE6377	GSE6377	GSM147237	GPL201	VAP_T9
GSE6377	GSE6377	GSM147248	GPL201	VAP_T9
GSE6377	GSE6377	GSM147256	GPL201	VAP_T9
GSE6377	GSE6377	GSM147266	GPL201	VAP_T9
